code,Sequence,label
AP02484,GMASKAGSVLGKITKIALGAL,1
AP02630,NIGLFTSTCFSSQCFSSKCFTDTCFSSNCFTGRHQCGYTHGSC,1
AP01427,GAIKDALKGAAKTVAVELLKKAQCKLEKTC,1
AP02983,FFGRLKAVFRGARQGWKEHRY,1
AP01815,DFGCARGMIFVCMRRCARMYPGSTGYCQGFRCMCDTMIPIRRPPFIMG,1
AP00779,GRRKRKWLRRIGKGVKIIGGAALDHL,1
AP02952,LLMRKLIKGYGYLFGKGKRKKR,1
AP01652,LIDHLGAPRWAVDTILGAIAVGNLASWVLALVPGPGWAVKAGLATAAAIVKHQGKAAAAAW,1
AP01771,ILPLLLGKVVCAITKKC,1
AP02248,FKKKKRNIGTFVFFAIALFCTVMFAYLLLTNQYVPIDYNVPRYA,1
AP02467,FLPFVGKLLSGLL,1
AP00367,GGLRSLGRKILRAWKKYGPIIVPIIRIG,1
AP01418,GLMDTIKGVAKTVAASWLDKLKCKITGC,1
AP02264,FLSGILKLAFKIPSVLCAVLKNC,1
AP03159,ATKAVCVLKGDGPVQGIINF,1
AP00555,KGRGKQGGKVRAKAKTRSS,1
AP02599,GVFDIIKGAGKQLIAHAMGKIAEKVGLNKDGN,1
AP02835,FLPLLAGLAAKWF,1
AP01152,SIWGDIGQGVGKAAYWVGKAMGNMSDVNQASRINRKKKH,1
AP01911,SALVGCWTKSYPPNPCFGRG,1
AP02730,GVWDWIKKTAGKIWNSEPVKALKSQALNAAKNFVAEKIGATPS,1
AP01523,AVDFSSCARMDVPGLSKVAQGLCISSCKFQNCGTGHCEKRGGRPTCVCDRCGRGGGEWPSVPMPKGRSSRGRRHS,1
AP02080,VPLSRTVRCTCISISNQPVNPRSLEKLEIIPASQFCPRVEIIATMKKKGEKRCLNPESKAIKNLLKAVSKERSKRSP,1
AP01582,CIAKGNGCQPSGVQGNCCSGHCHKEPGWVAGYCK,1
AP03152,LSCRFGRIACIGTCQVQNCGTGYCRGDTCVCSRCGTGGIVGVSVGKKRR,1
AP00698,GLWQLIKDKIKDAATGFVTGIQS,1
AP01564,ATCDLLSKWNWNHTACAGHCIAKGFKGGYCNDKAVCVCRN,1
AP03116,GFGCPNEWRCNAHCKRNRFRGGYCDSWFRRRCHCYG,1
AP00341,FIGLLISAGKAIHDLIRRRH,1
AP00927,IYFIADKMGIQLAPAWYQDIVNWVSAGGTLTTGFAIIVGVTVPAWIAEAAAAFGIASA,1
AP02402,IGGALGNALNGLGTWANMMNGGGFVNQWQVYANKGKINQYRPY,1
AP02082,KPVSLSYRCPCRFFESHVARANVKHLKILNTPNCALQIVARLKNNNRQVCIDPKLKWIQEYLEKALNK,1
AP03074,IGGALGNALAGLGNGLKQWNTTGFSEYNIGGGKVNNGKAPTSIPAYNPYGH,1
AP00673,VGSRYLCTPGSCWKLVCFTTTVK,1
AP02619,GFGCPRDQYKCNSHCQSIGCRAGYCDAVTLWLRCTCTDCNGKK,1
AP00328,GFGKAFHSVSNFAKKHKTA,1
AP00665,FLPLIAGLIGKLF,1
AP00869,ILPLVGNLLNDLL,1
AP02217,FLSTLWNAAKSIF,1
AP01894,FLPLLAGVVANFLPQIICKIARKC,1
AP01230,DGNDGQAELIAIGSLAGTFISPGFGSIAGAYIGDKVHSWATTATVSPSMSPSGIGLSSQFGSGRGTSSASSSAGSGS,1
AP00595,FLPIIGKLLSGLL,1
AP02289,GWLPTFGKILRKAMQLGPKLIQPI,1
AP02506,GTCSFSSALCVVHCRVRGYPDGYCSRKGICTCRR,1
AP01446,FFGSVLKVAAKVLPAALCQIFKKC,1
AP01522,TYMPVEEGEYIVNISYADQPKKNSPFTAKKQPGPKVDLSGVKAYGPG,1
AP02367,INLKAIAALARNY,1
AP00845,KSYGNGVHCNKKKCWVDWGSAISTIGNNSAANWATGGAAGWKS,1
AP00048,SGISGPLSCGRNGGVCIPIRCPVPMRQIGTCFGRPVKCCRSW,1
AP02968,FIHHIIGALGHLF,1
AP01180,NPKVAHCASQIGRSTAWGAVSGA,1
AP01477,HSDAVFTDNYTRLRKQMAVKKYLNSILN,1
AP01895,FLGSLLGLVGKVVPTLFCKISKKC,1
AP01565,DDMTMKPTPPPQYPLNLQGGGGGGSGDGFGFAVQGHQKVWTSDNGRHEIGLNGGYGQHLGGPYGNSEPSWKVGSTYTYRFPNF,1
AP01214,GNRPVYIPPPRPPHPRL,1
AP01405,GLLGGLLGPLLGGGGGGGGGLL,1
AP02643,AIPWSIWWRLLFKG,1
AP00279,AFKLLGRIIHHVGNFVYGFSHVF,1
AP00396,RRRPRPPYLPRPRPPPFFPPRLPPRIPPGFPPRFPPRFP,1
AP02769,ITCQQVTAELEPCVPYLTQGIP,1
AP00588,FLGSIVGALASALPSLISKIRN,1
AP00361,DLRFWNPREKLPLPTLPPFNPKPIYIDMGNRY,1
AP00276,VFQFLGKIIHHVGNFVHGFSHVF,1
AP01512,FFSLLPSLIGGLVSAIK,1
AP01736,GIGGKILGGLRTALKGAAKELAATYLH,1
AP00510,ILQKAVLDCLKAAGSSLSKAAITAIYNKIT,1
AP01965,LKIPGFVKDTLKKVAKGIFSAVAGAMTPS,1
AP02294,FIGALLRPALKLLAGK,1
AP02507,FTCNSYACKAHCILQGHKSGSCARINLCKCQR,1
AP01793,GWINEEKIQKKIDEKIGNNILGGMAKAVVHKLAKGEFQCVANIDTMGNCETHCQKTSGEKGFCHGTKCKCGKPLSY,1
AP02865,MAAALIVLLALGAAVQVAVTEPPRDDHRDLDAGSHWEQQWHLLQDGSAAWDADEGDAMGPGKGIKCRFCVSLVKKVQKIVGDDPDEDAINNALNKVCSTGRRQRSICKQLLKKLRQQLSDALQNNDDPRDVCTTLGLARG,1
AP02406,TVKCGMNGKMPCKHGAFYTDTCDKNVFYRCVWGRPVKKACGRGLVWNPRGFCDYA,1
AP02627,CVLIGQRCDNDRGPRCCSGQGNCVPLPFLGGVCAV,1
AP00304,RVCFAIPLPICH,1
AP03126,SVEIPKPFKWNDSF,1
AP00098,FLPLIGKVLSGIL,1
AP00129,GWLKKIGKKIERVGQNTRDATVKGLEVAQQAANVAATVR,1
AP01327,LFGLIPSLIGGLVSAFK,1
AP00379,DFKDWMKTAGEWLKKKGPGILKAAMAAAT,1
AP03135,KHHDDRPPPGYDRKLINRPPPPRNFLEGRRVYRSLPETIHERMRRSPQHGSVVVSGSRTEGRGGAPAQQSVRGDYNHNLWRGKNGATVDANAYYQRNWGAGPRHDYGGGIRASIPFGRR,1
AP01587,AQCGAQGGGATCPGGLCCSQWGWCGSTPKYCGAGCQSNCK,1
AP00463,FLPFIAGMAAKFLPKIFCAISKKC,1
AP00702,GLLGSIGNAIGAFIANKLKPK,1
AP02673,VTCDLLSLQIKGIAINDSACAAHCLAMRRKGGSCKQGVCVCRN,1
AP02999,GSKRWRKFEKKVKKALEDAKEKLQEERVQKIVEHTKEALPVIKAVATVVGVVGRR,1
AP02184,APAHRSSTFPKWVTKTERGRQPLRS,1
AP03072,RTCQSQSHRFRGPCLRRSNCANVCRTEGFPGGRCRGFRRRCFCTTHC,1
AP03147,GFFSFIGEAFQGAGDMWRAYTDMKEAGWKDGDKYFHARGNYDAAQRGPGGVWAAEKISDARESFQEFFGRGHEDTMADQEANRHGRSGKDPNYYRPPGLPAKY,1
AP02413,FLTGVLKLASKIPSVLCAVLKTC,1
AP02214,IFGAIWKGISSLL,1
AP02956,AGCICSGSVAVANSHNAGPAYCVGYCGNNGAVTRNANANLARTA,1
AP01594,CRQSCSFGPLTFVCDGNTK,1
AP01398,YQEPVLGPVRGPFPIIV,1
AP01520,SSFSPPRGPPGWGPPCVQQPCPKCPYDDYKCPTCDKFPECEECPHISIGCECGYFSCECPKPVCEPCESPIAELIKKGGYKG,1
AP01824,FLPKLFAKITKKNMAHIR,1
AP01641,IDWLKLGKMVMDVL,1
AP00805,RSALSCQMCELVVKKYEGSADKDANVIKKDFDAECKKLFHTIPFGTRECDHYVNSKVDPIIHELEGGTAPKDVCTKLNECP,1
AP03163,VGAVAFGPVGAVVGGLASGFTGKQT,1
AP02091,GTNDAEDCCLSVTQKPIPGYIVRNFHYLLIKDGCRVPAVVFTTLRGRQLCAPPDQPWVERIIQRLQRTSAKMKRRSS,1
AP03145,PIRTKRRWKLIKKGGKIVKDLLTKNNIIILPGGNE,1
AP02307,GKCNVLCQLKQKLRSIGSGSHIGSVVLPRG,1
AP00086,GIMSIVKDVAKNAAKEAAKGALSTLSCKLAKTC,1
AP02963,RRIPFWPPNWPGPWLPPWSPPDFRIPRILRKR,1
AP00403,ACNFQSCWATCQAQHSIYFRRAFCDRSQCKCVFVRG,1
AP02293,GFMSKVANFAKKFAKGGVNAIMNQK,1
AP01993,TNWKKIGKCYAGTLGSAVLGFGAMGPVGYWAGAGVGYASFC,1
AP02299,SILDKIKNVALGVARGAGTGILKALLCKLDKSC,1
AP02153,GGWLDIVKAIVVPAARETIKTQEITLLDHYCTLSRSPYIKSLELHYRAEVTCPGWTIIRGRGSNHRNPTNSGKDALKDFMTQAVAAGLVTKEEAAPWLN,1
AP02292,GLLSNVAGLLKQFAKGGVNAVLNPK,1
AP02332,CETPSKHFNGLCIRSSNCASVCHGEHFTDGRCQGVRRRCMCLKPC,1
AP00861,FLPLAVSLAANFLPKLFCKITKKC,1
AP01493,ASIIKTTIKVSKAVCKTLTCICTGSCSNCK,1
AP01556,GCFEDWSRCSPSTSRGTGVLWRDCDSYCKVCFKADRGECFDSPSLNCPQRLPNNKQCRCINARTAKDNRNPTCWA,1
AP02398,YPYNSTSNVKRIPVSVHFTASQCREIASRGASISEWTTWTSLIAGFGKGTAFLGALTALYGYGVSKNLSVFLTAANRGTGLTISYTYVIPPYTNIGSFENTRISYY,1
AP02515,FSTKTRNWFSEHFKKVKEKLKDTFA,1
AP01315,ARLKKCFNKVTGYCRKKCKVGERYEIGCLSGKLCCAN,1
AP01353,FWGHIWNAVKRVGANALHGAVTGALS,1
AP00213,KWCFRVCYRGICYRKCR,1
AP00289,GIFSSRKCKTVSKTFRGICTRNANC,1
AP00576,GVLGTVKNLLIGAGKSAAQSVLKTLSCKLSNDC,1
AP01465,VNWKKVLGKIIKVAK,1
AP01003,FKSWSFCTPGCAKTGSFNSYCC,1
AP02531,FFSLIPSLVGGLISAFK,1
AP02265,AKAWGIPPHVIPQIVPVRIRPLCGNV,1
AP02033,VSCGDVTSSIAPCLSYVMGRESSPSSSCCSGVRTLNGKASSSADRRTACSCLKNMASSFRNLNMGNAASIPSKCGVSVAFPISTSVDCSKIN,1
AP02799,KCSWWNASCHLGNNGKICTVSHECAAGCNL,1
AP00848,KNYGNGVHCTKKGCSVDWGYAWANIANNSVMNGLTGGNAGWHN,1
AP01595,CANSCSYGPLTWSCDGNTK,1
AP00754,ETESTPDYLKNIQQQLEEYTKNFNTQVQNAFDSDKIKSEVNNFIESLGKILNTEKKEAPK,1
AP02026,GFWGKLWEGVKSAI,1
AP00234,SDEKASPDKHHRFSLSRYAKLANRLANPKLLETFLSKWIGDRGNRSV,1
AP00344,GNNRPIYIPQPRPPHPRL,1
AP00973,LLGMIPLAISAISALSKL,1
AP02196,KCNTATCATQRLANFLVHSSNNFGAILSSTNVGSNTY,1
AP01954,FALGAVTKRLPSLFCLITRKC,1
AP02326,GVPCAESCVWIPCTVTALLGCSCKDKVCYLN,1
AP00739,GVVTDLLKTAGKLLGNLFGSLSG,1
AP01378,SCTCRRAWICRWGERHSGKCIDQKGSTYRLCCRR,1
AP00065,ILGPVLSLVGNALGGLLKNE,1
AP02933,TMSLRFWRWKVR,1
AP00105,FLPLFASLIGKLL,1
AP01183,ATYYGNGLYCNKEKCWVDWNQAKGEIGKIIVNGWVNHGPWAPRR,1
AP01972,STIVCVSLRICNWSLRFCPSFKVRCPM,1
AP00333,SCASRCKGHCRARRCGYYVSVLYRGRCYCKCLRC,1
AP02666,AVAGEKLWLLPHLLKMLLTPTP,1
AP02579,YPLDQVEEQDEHQVAHIRVRRVTCDLLSAEAKGVKVNHAACAAHCLLKRKRGGYCNKRRICVCRN,1
AP02678,SSSLLNTAWRKFG,1
AP00106,FLPFLASLLTKVL,1
AP00768,PNWTKIGKCAGSIAWAIGSGLFGGAKLIKIKKYIAELGGLQKAAKLLVGATTWEEKLHAGGYALINLAAELTGVAGIQANCF,1
AP00685,GIMDTVKGVAKTVAASLLDKLKCKITGC,1
AP02861,VNFKLLSHSLLVTLASHL,1
AP01495,IASKFICTPGCAKTGSFNSYCC,1
AP01882,GILGNIVGMGKKIVCGLSGLC,1
AP00775,GKLSGISKVLRAIAKFFKGVGKARKQFKEASDLDKNQ,1
AP02003,GFWTTAAEGLKKFAKAGLASILNPK,1
AP00577,GLFTLIKGAAKLIGKTVAKEAGKTGLELMACKITNQC,1
AP02602,SSRASHFQSHSSERQRHGSSQVWKHGSYGPAEYDYGHTGYGPSGGSRKSISNSHLSWSTDSTANKQLSRH,1
AP00477,GINTLKKVIQGLHEVIKLVSNHE,1
AP01961,FLPLIASLAANFVPKIFCKITKKC,1
AP02721,RWRFLRKISSVHMFSVKALDDFRQL,1
AP01788,QEAQSVACTSYYCSKFCGSAGCSLYGCYLLHPGKICYCLHCSR,1
AP00785,GWKSVFRKAKKVGKTVGGLALDHYL,1
AP00410,PKRKSATKGDEPARRSARLSARPVPKPAAKPKKAAAPKKAVKGKKAAENGDAKAEAKVQAAGDGAGNAK,1
AP02916,LPLSINPWRPPFPGRPLPGGPLVLPGCVCVRAPCYCSPSRQKDFPGFEHY,1
AP02955,GNGVLKTISHECNMNTWQFLFTCC,1
AP01674,GICRCLCRRGVCRCICVL,1
AP02358,FRFGSFLKKVWKSKLAKKLRSKGKQLLKDYANKVLNGPEEEAAAPAE,1
AP02137,FLHHIVGLIHHGLSLFGDRAD,1
AP02443,NIFDDIFGKVTETLVDFGTTDIAGNPCNYRLSPRLIKFELYFVGLVWCPGWTTIQGESLTRSRTRVVNKAVEDFAKKAVAAGIMTQEDADPLLNA,1
AP02672,AVPLIYKRPGVYVTKPKGK,1
AP00002,YVPLPNVPQPGRRPFPTFPGQGPFNPKIKWPQGY,1
AP00599,GIWDTIKSMGKVFAGKILQNL,1
AP00359,DLRFLYPRGKLPVPTPPPFNPKPIYIDMGNRY,1
AP00689,AFPPPNVPGPRFPPPNFPGPRFPPPNFPGPRFPPPNFPGPRFPPPNFPGPPFPPPIFPGPWFPPPPPFRPPPFGPPRFP,1
AP03153,MRLSHVCSQSSSKYPAGSCNLMTHDRATSSEHRSASRCDRVIRRFCRSDPASRYWRYPVRGMRHGRCHTDW,1
AP00438,GFGCPNNYQCHRHCKSIPGRCGGYCGGWHRLPCTCYRCG,1
AP02656,GFGCPFNQGACHRHCRSIGRRGGYCAGLFKQTCTCYSR,1
AP03143,SKTKRRSLLKRLGDGIRGFWNGFRGRK,1
AP01642,LCLDQKPEMEPFRKDAQQALEPSRQRRWLHRRCLSGRGFCRAICSIFEEPVRGNIDCYFGYNCCRRMFSHYRTS,1
AP00010,RRIRPRPPRLPRPRPRPLPFPRPGPRPIPRPLPFPRPGPRPIPRPLPFPRPGPRPIPRPL,1
AP01235,FNKLKQGSSKRTCAKCFRKIMPSVHELDERRRGANRWAAGFRKCVSSICRY,1
AP02877,ITPATPFTPAIITEITAAVIA,1
AP03006,EVYRSSDYEKEYPIRGLFSKRHPRDVTWDTRMGGGKVFGTLGQNDDGLFGKAGYNREIFNDDRGQLTGQAYGTRVLGPGGDSTNYGGRLDWANKNAQAAIDINRQIGGRSGMTASGSGVWDLDKNTHISAGGMVSKEFGHRRPDVGLQAEIRHEW,1
AP01839,GVLATVKNLLIGTGDGAAQSVLKTLSCKLSNDC,1
AP01831,ILPFVAGVAAMEMEHVYCAASKKC,1
AP01616,SLGPAIKATRQVCPKATRFVTVSCKKSDCQ,1
AP00780,GRRRRSVQWCAVSQPEATKCFQWQRNMRKVRGPPVSCIKRDSPIQCIQA,1
AP02640,RIRFPWPWRWPWWRRVRG,1
AP00651,GLFSILKGVGKIALKGLAKNMGKMGLDLVSCKISKEC,1
AP00069,INIKDILAKLVKVLGHV,1
AP03004,QVSMPPGYAEKYPITSQFSRSVRHPRDIHDFVTWDREMGGGKVFGTLGESDQGLFGKGGYNREFFNDDRGKLTGQAYGTRVLGPGGDSTSYGGRLDWANENAKAAIDLNRQIGGSAGIEASASGVWDLGKNTHLSAGGVVSKEFGHRRPDVGLQAQITHEW,1
AP02213,GILGKLWEGFKSIV,1
AP00323,GVLDAFRKIATVVKNVV,1
AP02543,GRADYNFGYGLGRGTRKFFNGIGRWVRKTF,1
AP02359,ITSHSLCTPGCAKTGSFNSFCC,1
AP02250,MKTILRFVAGYDIASHKKKTGGYPWERGKA,1
AP01457,GLKDIFKAGLGSLVKGIAAHVAN,1
AP00653,GIMDTVKNAAKDLAGQLLDKLKCRITGC,1
AP00376,GWKDWAKKAGGWLKKKGPGMAKAALKAAMQ,1
AP01452,IIGAIAAALPHVINAIKNTF,1
AP02042,DRCSQQCQHHRDPDRKQQCMRECRRHQGRSD,1
AP00537,AEVAPAPAAAAPAKAPKKKAAAKPKKAGPS,1
AP02943,RICRTRLTRRAGNSL,1
AP02146,QGWEAVAAAVASKIVGLWRNEKTELLGHECKFTVKPYLKRFQVYYKGRMWCPGWTAIRGEASTRSQSGVAGKTAKDFVRKAFQKGLISQQEANQWLSS,1
AP01633,RRWVRRVRRWVRRVVRVVRRWVRR,1
AP00350,PWNIFKEIERAVARTRDAVISAGPAVRTVAAATSVAS,1
AP02104,MQFITDLIKKAVDFFKGLFGNK,1
AP02222,FIPLVSGLFSRLL,1
AP03158,GCSYSTRPYFLRWRLKFKSKVWCG,1
AP00089,FLGALFKVASKVLPSVFCAITKKC,1
AP02638,GLPWILLRWLFFRG,1
AP00772,FRGLAKLLKIGLKSFARVLKKVLPKAAKAGKALAKSMADENAIRQQNQ,1
AP01836,GLLDTFKNMAINAAHGAGVSVLNALSCKLKKTC,1
AP00787,GWRLLLKKAEVKTVGKLALKHYL,1
AP02461,FLPGLIKAAVGVGSTILCKITKKC,1
AP01243,KGAPCAKKPCCGPLGHYKVDCSTIPDYPCCSKYGFCGSGPQYCG,1
AP01956,GFGMALKLLKKVL,1
AP02320,KTYYGTNGVHCTKNSLWGKVRLKNMKYDQNTTYMGRLQDILLGWATGAFGKTFH,1
AP01429,GLLDSFKNAMIGIAKSAGKTALNKIACKIDKTC,1
AP02171,PGGPGSAPPATCRYWCRTPQGQAYCCEGVDEPEGPVGVKIGSCPRVRPQCPPVRTFGPPSPCSNDFKCFGSDKCCYDICLEQHVCKPLSFFG,1
AP03164,GPKTKAACKMACKLATCGKKPGGWKCKLCELGCDAV,1
AP01229,GDVNWVDVGKTVATNGAGVIGGAFGAGLCGPVCAGAFAVGSSAAVAALYDAAGNSNSAKQKPEGLPPEAWNYAEGRMCNWSPNNLSDVCL,1
AP01504,GFFSLIKGVAKIATKGLAKNLGKMGLDLVGCKISKEC,1
AP01179,NGVYCNKQKCWVDWSRARSEIIDRGVKAYVNGFTKVLGGIGGR,1
AP00066,IKITTMLAKLGKVLAHV,1
AP02722,HKMDLHWYLRTLEEVVIRALQRFQFR,1
AP00030,QRFSQPTFKLPQGRLTLSRKF,1
AP00169,GRPNPVNTKPTPYPRL,1
AP00539,GFGCPWNRYQCHSHCRSIGRLGGYCAGSLRLTCTCYRS,1
AP00067,SKITDILAKLGKVLAHV,1
AP00274,GIPCGESCVWIPCISAALGCSCKNKVCYRN,1
AP02882,GFLSALKKYLPIVLKHV,1
AP02925,NKGCSACAIGAACLADGPIPDFEVAGITGTFGIAS,1
AP01999,GFLGPLLKLGLKGAAKLLPQLLPSRQQ,1
AP00394,QVYKGGYTRPIPRPPPFVRPLPGGPIGPYNGCPVSCRGISFSQARSCCSRLGRCCHVGKGYS,1
AP02836,FLPAIIGMAAKVLPAFLCKITKKC,1
AP00564,FLIGMTHGLICLISRKC,1
AP03117,FIHHIIKGIFHIGKIIHSAINRRRH,1
AP02852,RHCLSQSHRFKGMCVSSNNCANVCRTESFPDGECKSHGLERKCFCKKVC,1
AP00104,FLPFLAKILTGVL,1
AP00417,SIGTAVKKAVPIAKKVGKVAIPIAKAVLSVVGQLVG,1
AP01577,FLLFPLMCKIQGKC,1
AP02127,IWSAIWSGIKGLL,1
AP03087,GLFSVVKGVLKGVGKNVSGSLLDQLKCKISGGC,1
AP02231,RAIGGGLSSVGGGSSTIKY,1
AP01491,QWGYGGYGRGYGGYGGYGRGYGGYGGYGRGYGGYGRGMYGGYGRPYGGYGWGK,1
AP02584,LTANLGISSYAAKKVIDIINTGSAVATIIALVTAVVGGGLITAGIVATAKSLIKKYGAKYAAAW,1
AP03127,RGCYTRCWKVGRNGRVCMRVCT,1
AP01971,VTSKSLCTPGCITGVLMCLTQNSCVSCNSCIRC,1
AP00887,GILSTFKGLAKGVAKDLAGNLLDKFKCKITGC,1
AP01543,KPWRFRRAIRRVRWRKVAPYIPFVVKTVGKK,1
AP02969,FLQHIIGALTHIF,1
AP02825,RERSKGSKYLYVG,1
AP00091,GLLNTFKDWAISIAKGAGKGVLTTLSCKLDKSC,1
AP02821,CRLGRGKCRRTCIESEKIAGWCKLNFFCCRERI,1
AP02694,WYVRKCANKLGTCRKTCRKGEYQTDPATGKCSIGKLCCILDLKLAGQCGGADGNQAAAGTQAAGGTRAAGGTQGTGGTGATGAAATTAAP,1
AP00852,KYYGNGLSCSKKGCTVNWGQAFSCGVNRVATAGHHKC,1
AP01455,FFPLALLCKVFKKC,1
AP01974,YGQSTHAVIYAQGYTYSSDWR,1
AP00820,FLPLLASLFSGLF,1
AP01316,NPANPLNLKKHHGVFCDVCKALVEGGEKVGDDDLDAWLDVNIGTLCWTMLLPLHHECEEELKKVKKELKKDIENKDSPDKACKDVDLC,1
AP00189,VSCTCRRFSCGFGERASGSCTVNGVRHTLCCRR,1
AP02595,MWITNGGVANWYFVLAR,1
AP01376,YENPYGCPTDEGKCFDRCNDSEFEGGYCGGSYRATCVCYRT,1
AP00389,GIWGTALKWGVKLLPKLVGMAQTKKQ,1
AP00054,GIGGALLSAGKSALKGLAKGLAEHFAN,1
AP00467,FLPAIVGAAAKFLPKIFCVISKKC,1
AP00841,TTHSGKYYGNGVYCTKNKCTVDWAKATTCIAGMSIGGFLGGAIPGKC,1
AP01517,INLLKIAKGIIKSL,1
AP02058,GLWNTIKEAGKKFAINVLDKIRCGIAGGCKT,1
AP00322,GILDVAKTLVGKLRNVLGI,1
AP00951,GLWSTIKNVAAAAGKAALGAL,1
AP02427,RWKIFKKIEKMGRNIRDGIVKAGPAIEVLGSAKAIGK,1
AP02458,FLPVLGKVIKLVGGLL,1
AP02665,GLALNRLMNKAVDAIVYMVGQQDAGVSLLGHPCLVESAKQPEGIYTAVMSCASWTPRFVGEGTSEVELEALKGSIRSFIRKASDYQLLSKEDLEDWLASY,1
AP00748,DIQIPGIKKPTHRDIIIPNWNPNVRTQPWQRFGGNKS,1
AP02854,GYFPGRPPFPRPFPRPPSRPFPRPPFPGPFPRPYPWR,1
AP01129,GLGSLVGNALRIGAKLL,1
AP00575,GLLDTFKNLALNAAKSAGVSVLNSLSCKLSKTC,1
AP01756,PDPGQPWQVKAGRPPCYSIPCRKHDECRVGSCSRCNNGLWGDRTCR,1
AP03092,LIVLTCRKKKKPF,1
AP02263,YPELQQDLIARLL,1
AP00677,GLRKKFRKTRKRIQKLGRKIGKTGRKVWKAWREYGQIPYPCRI,1
AP01425,GLLGSLFGAGKKVACALSGLC,1
AP02625,LSPPFRPKPAPGCSYYCIKPEGPNKGASYCCSPPHVPLLPEQKHPGRCPPPLKECTRGFIPKICPHDGHCPYGQKCCFDTCLDLHTCKPAY,1
AP01314,GLLSGVLGVGKKVDCGLSGLC,1
AP00083,GILSLVKGVAKLAGKGLAKEGGKFGLELIACKIAKQC,1
AP02527,FLPLILPSIVTALSSFLKQG,1
AP02445,QSHLSLCRYCCNCCRNKGCGYCCKF,1
AP01204,GKNGVFKTISHECHLNTWAFLATCCS,1
AP03101,RECRIGNGQCKNQCHENEIRIAYCIRPGTHCCLQQ,1
AP00475,GLNTLKKVFQGLHEAIKLINNHVQ,1
AP02873,FIRWRFRWWRWRR,1
AP00315,SLGSFLKGVGTTLASVGKVVSDQFGKLLQAGQG,1
AP01153,YLAFRCGRYSPCLDDGPNVNLYSCCSFYNCHKCLARLENCPKGLHYNAYLKVCDWPSKAGCT,1
AP01355,RESPSSRMECYEQAERYGYGGYGGGRYGGGYGSGRGQPVGQGVERSHDDNRNQPR,1
AP01585,KSCCRSTQARNIYNAPRFAGGSRPLCALGSGCKIVDDKKTPPND,1
AP02862,KWKLFKKIFKRIVQRIKDFLR,1
AP02739,GSEIRGPCIDRFCRVICRNNGYESGHCNRWARGCSCASWIGR,1
AP00445,GFCRCLCRRGVCRCICTR,1
AP02086,PDSVSIPITCCFNVINRKIPIQRLESYTRITNIQCPKEAVIFKTKRGKEVCADPKERWVRDSMKHLDQIFQNLKP,1
AP02711,FLPVIAGVLSKLF,1
AP00814,GLGSILGKILNVAGKVGKTIGKVADAVGNKE,1
AP01199,KYYGNGVHCGKKTCYVDWGQATASIGKIIVNGWTQHGPWAHR,1
AP00743,RYHMQCGYRGTFCTPGKCPYGNAYLGLCRPKYSCCRWL,1
AP02019,ILGAIIPLVSGLLSHL,1
AP01869,GLFTLIKGAYKNDAPTVACN,1
AP01147,DTVACRIQGNFCRAGACPPTFTISGQCHGGLLNCCAKIPAQ,1
AP02879,LTAEDKKLIQQAWEKAASHQEEFGAEALTRMFTTYPQTKTY,1
AP00569,FLPLLLAGLPLKLCFLFKKC,1
AP02858,GATPEDLNQKLS,1
AP02603,LPFFLLSLIPSAISAIKKI,1
AP00155,RGLRRLGRKIAHGVKKYGPTVLRIIRIAG,1
AP03084,DETIEIIVENKVKELLANPANYPSTVTKTLSCTSVKTMNRWASCPAGMTATGCACGFACGSWEIQSGDTCNCLCLLVDWTTARCCQLS,1
AP03119,SLLWRWNSMKPVGASCRDHLECGTKYCRRSICTF,1
AP01187,MNFLKNGIAKWMTGAELQAYKKKYGCLPWEKISC,1
AP01515,AACSDRAHGHICESFKSFCKDSGRNGVKLRANCKKTCGLC,1
AP02924,ALWKEVLKNAGKAALNEINNLV,1
AP02079,TPVVRKGRCSCISTNQGTIHLQSLKDLKQFAPSPSCEKIEIIATLKNGVQTCLNPDSADVKELIKKWEKQVSQKKKQKNGKKHQKKKVLKVRKSQRSRQKKTT,1
AP00233,GWIRDFGKRIERVGQHTRDATIQTIAVAQQAANVAATLKG,1
AP02938,GTAWRWHYRARS,1
AP01581,FLSLIPHIVSGVASIAKHF,1
AP00311,CYSAAKYPGFQEFINRKYKSSRF,1
AP01220,GIKDWIKGAAKKLIKTVASNIANQ,1
AP02000,GFLGSLLKTGLKVGSNLL,1
AP00330,GWLRKAAKSVGKFYYKHKYYIKAAWQIGKHAL,1
AP01432,FMGGLIKAATKIVPAAYCAITKKC,1
AP02876,KRLFKKLLFSLRKY,1
AP00439,VTCFCKRPVCDSGETQIGYCRLGNTFYRLCCRQ,1
AP03021,GWGCNIFGGNDYRCHRHCKSISGYKGGYCKLGGICKCY,1
AP00749,EADEPLWLYKGDNIERAPTTADHPILPSIIDDVKLDPNRRYA,1
AP02941,LTKKTKKQKRNLVGTT,1
AP00726,NVGVLNPPPLV,1
AP02726,WTTIVKVSKAVCKTGTCICTTSCSNCK,1
AP02251,MWGRILAFVAKYGTKAVQWAWKNKWFLLSLGEAVFDYIRSIWGG,1
AP00774,GKFSGFAKILKSIAKFFKGVGKVRKGFKEASDLDKNQ,1
AP00280,LFKLLGKIIHHVGNFVHGFSHVF,1
AP00269,LSCKRGTCHFGRCPSHLIKGSCSGG,1
AP02794,AAGGVKKPKKAAAAKKSPKKPKKPAAA,1
AP00240,GLLSVLGSVAKHVLPHVVPVIAEHL,1
AP00552,GIGRKFLGGVKTTFRCGVKDFASKHLY,1
AP01365,AAKPMGITCDLLSLWKVGHAACAAHCLVLGDVGGYCTKEGLCVCKE,1
AP02121,GFGCPFNENECHAHCLSIGRKFGFCAGPLRATCTCGKQ,1
AP00663,GFSSIFRGVAKFASKGLGKDLARLGVNLVACKISKQC,1
AP00470,FLPIIASVAAKVFSKIFCAISKKC,1
AP01867,GLFTLIKGAAKLIGKTTAKEAGKTGKLEMACKITNQC,1
AP02906,YSWPRMPRIPRLPRYPRYPRYPRWPRWPRQPTIYA,1
AP00174,RRCICTTRTCRFPYRRLGTCIFQNRVYTFCC,1
AP01623,GFKLKGMARISCLPNGQWSNFPPKCIRECAMVSS,1
AP00449,SYSMEHFRWGKPV,1
AP01607,ADRGWIKTLTKDCPNVISSICAGTIITACKNCA,1
AP00134,SWLSKTAKKLENSAKKRISEGIAIAIQGGPR,1
AP02669,SLFELGKMILQETGKNPAKSYGAYGCNCGVLGRGKPKDATDRCCYVHKCCYKAAAAAAAAADRYSYSWKDKTIVCGENNPCLKELCECDKAVAICLRENLGTYNKKYRYHLKPFCKKAAAA,1
AP02568,LIAGLAANFLPQILCKIARKC,1
AP02904,TCDLLSPFKVGHAACALHCIAMGRRGGWCDGRAVCNCRR,1
AP00407,FISAIASFLGKFL,1
AP01268,FLPVILPVIGKLLSGIL,1
AP00928,NKGCATCSIGAACLVDGPIPDFEIAGATGLFGLWG,1
AP00600,GLLRASSVWGRKYYVDLAGCAKA,1
AP00228,LTCEIDRSLCLLHCRLKGYLRAYCSQQKVCRCVQ,1
AP01541,AVLDILKDVGKGLLSHFMEKV,1
AP00639,GLIGSIGKALGGLLVDVLKPKLQAAS,1
AP01844,GLIDTIKNMALNAAKSAGVSVLNTLSCKLSKTC,1
AP00782,GWGSIFKHGRHAAKHIGHAAVNHYL,1
AP00516,IWLTALKFLGKHAAKHLAKQQLSKL,1
AP02942,LIRCSRTCLQYKTSRFMRW,1
AP01599,WNPFRKLYRKECNDVTSCDTVSGVKTCTKKNCCHRKFFGKTILKAPECTVIS,1
AP02397,CWSCMGHSCWSCMGHSCWSCAGHSCWSCMGHSCWSCMGHSCWSCAGHCCGSCWHGGM,1
AP02518,ARDGYIVDEKGCKFACFIN,1
AP00541,IDWKKLLDAAKQIL,1
AP02735,LTCDLLSFEAKGFAANHSLCAAHCLAIGRKGGACQNGVCVCRR,1
AP02880,GFVALLKKLPLILKHLH,1
AP00503,FLGVVFKLASKVFPAVFGKV,1
AP00339,FFGWLIKGAIHAGKAIHGLIHRRRH,1
AP02864,KFKKLFKKLSPVIGKEFKRIVERIKRFLR,1
AP00114,SMLSVLKNLGKVGLGFVACKINKQC,1
AP00888,GIMDSVKGLAKNLAGKLLDSLKCKITGC,1
AP02822,CMSYGGSCQRSCNGGFRLGGHCGHPKIRCCRRK,1
AP02901,ASENGKCNLLCLVKKKLRAVGNVIKTVVGKIA,1
AP00077,GILDTLKNLAKTAGKGALQGLVKMASCKLSGQC,1
AP01436,FLPILAGLAAKLVPKVFCSITKKC,1
AP01852,SVMGTVKDLLIGAGKSAAQSVLKSLSCKISNDC,1
AP01575,NLPIVERPVCKDSTRIRITDNMFCAGYKPDEGKRGDACEGDSGGPFVMKSPFNNRWYQMGIVSWGEGCDRDGKYGFYTHVFRLKKWIQKVIDQFGE,1
AP02142,GFLDIIKDTGKEFAVKILNNLKCKLAGGCPP,1
AP01659,NALSSPRNKCDRASSCFG,1
AP03085,SSKTLCSMEEAINERIQEVAGSLIFRAISSIGLECQSVTSRGDLATCPRGFAVTGCTCGSACGSWDVRAETTCHCQCAGMDWTGARCCRVQP,1
AP00125,KWKVFKKIEKMGRNIRNGIVKAGPAIAVLGEAKAILS,1
AP00159,ALWKNMLKGIGKLAGKAALGAVKKLVGAES,1
AP00613,RVKRFWPLVPVAINTVAAGINLYKAIRRK,1
AP03036,LLGAALSALSSVIPSVISWFQK,1
AP02745,KRIGLIRLIGKILRGLRRLG,1
AP00725,GFCRCICTRGFCRCICTR,1
AP02692,VWLSALKFIGKHLAKHQLSKL,1
AP01654,GLFKVLGSVAKHLLPHVAPIIAEKL,1
AP02436,GTDSGRFCSSICGQRCSKAGMKDRCMKFCGICCGKCKCVPSGTYGNKHECPCYRDMKNSKGKPKCP,1
AP03128,GFGGGRGGFGGGRGGFGGGGIGGGGFGGGYGGGKIKG,1
AP02169,AKISGPEETSELPEVVSEERVPATATEPMADLRHGVTREPISPASKDSLRDKFKEKLDKWFHRPNLLSKRD,1
AP00572,GIMDTIKDTAKTVAVGLLNKLKCKITGC,1
AP02247,MAGFLKVVQLLAKYGSKAVQWAWANKGKILDWLNAGQAIDWVVSKIKQILGIK,1
AP01192,SDCNINSNTAADVILCFNQVGSCALCSPTLVGGPVP,1
AP01912,SALVGCWTKSWPPKPCFGRG,1
AP00459,FITLLLRKFICSITKKC,1
AP02934,AWRWKAFRNCWRVRSSSL,1
AP00262,GFVDFLKKVAGTIANVVT,1
AP01586,KSCCRSTTARNIYNGCRVPGTARPVCAKKSGCKIQEAKKCEPPYD,1
AP00558,GFGCPGNQLKCNNHCKSISCRAGYCDAATLWLRCTCTDCNGKK,1
AP01989,IPCGESCVWIPCITAIAGCSCKNKVCYT,1
AP03035,LVPFIGRTLGGLLARF,1
AP00156,RCVCRRGVCRCVCRRGVC,1
AP00755,ENFFKEIERAGQRIRDAIISAAPAVETLAQAQKIIKGGD,1
AP00678,RLKELITTGGQKIGEKIRRIGQRIKDFFKNLQPREEKS,1
AP01300,ATAVDFGPHGLLPIRPIRIRPLCGKDKS,1
AP00191,QCRRLCYKQRCVTYCRGR,1
AP02549,GVWDWLKKTAKNVWNSDIVKQLKGKAINAAKNYVAEKIGATPS,1
AP01964,IKLSPETKDNLKKVLKGAIKGAIAVAKMV,1
AP00562,GKVWDWIKSAAKKIWSSEPVSQLKGQVLNAAKNYVAEKIGATPT,1
AP02646,GKNGVFKTISHECHMNSWQFLFTCCS,1
AP02798,KKSCHTGLDRSAGWVIPIGTLVKKAILPWDRK,1
AP02122,CLRIGMRGRELMGGIGKTM,1
AP02887,GLEETVYIYGANMAS,1
AP00826,FILPLIASFLSKFL,1
AP03151,NLFRKLTHRLFRRNFGYTLR,1
AP02796,SPKKTKPVKPKKVA,1
AP00248,GLFGVLGSIAKHVLPHVVPVIAEK,1
AP02212,GWLKKIGKKIERVGQHTRGLGIAQIAANVAATAR,1
AP03109,PSRSCNTHCPDPYLNLPGHYVCCDQHPGKCFRRDKCPPHELNKGLRQTIKYCHYDPECALHEKCCYDVCIEAKVCKLPE,1
AP02898,RRGLFKKLRRKIKKGFKKIFKRLPPVGVGVSIPLAGRR,1
AP01246,FLPKTLRKFFCRIRGGRCAVLNCLGKEEQIGRCSNSGRKCCRKKK,1
AP03038,KQTKQMVDCSHYKKLPPGQQRFCHHMYDPICGSDGKTYKNDCFFCSKVKKTDGTLKFVHFGKC,1
AP01157,QRGSRGQRCGPGEVFNQCGSACPRVCGRPPAQACTLQCVSGCFCRRGYIRTQRGGCIPERQCHQR,1
AP01007,KWKLFKKIGAVLKVL,1
AP01273,GLFPKFNKKKVKTGIFDIIKTVGKEAGMDVLRTGIDVIGCKIKGEC,1
AP02068,YCERMMKRRSLTSPCKDVNTFIHGNKSNIKAICGANGSPYRENLRMSKSPFQVTTCKHTGGSPRPPCQYRASAGFRHVVIACENGLPVHFDESFFSL,1
AP02403,GILGKLWEGVKSIF,1
AP01158,ALYKKFKKKLLKSLKRLG,1
AP02621,GKLTKDKLKRGAKKALNVASKVAPIVAAGASIAR,1
AP02114,FLPIIAGVAAKVLPKLFCAITKKC,1
AP02987,HTLCMDGGATY,1
AP00853,ATRSYGNGVYCNNSKCWVNWGEAKENIAGIVISGWASGLAGMGH,1
AP01548,ADTLACRQSHQSCSFVACRAPSVDIGTCRGGKLKCCKWAPSS,1
AP01676,DAEFRHDSGYEVHHQKLVFFAEDVGSNKGAIIGLMVGGVVIA,1
AP01266,AVDLAKIANKVLSSLF,1
AP03002,NWYVKKCLNDVGICKKKCKPEEMHVKNGWAMCGKQRDCCVPADRRANYPVFCVQTKTTRISTVTATTATTTLMMTTASMSSMAPTPVSPTG,1
AP02318,IKIPSFFRNILKKVGKEAVSLIAGALKQS,1
AP00197,QLKKCWNNYVQGHCRKICRVNEVPEALCENGRYCCLNIKELEAC,1
AP01658,NALSMPRNKCNRALMCFG,1
AP02977,FLPIVAKLLSGLL,1
AP00186,GRCVCRKQLLCSYRERRIGDCKIRGVRFPFCCPR,1
AP02094,GPYGANMEDSVCCRDYVRYRLPLRVVKHFYWTSDSCPRPGVVLLTFRDKEICADPRVPWVKMILNKLSQ,1
AP01790,HPHVCTSYYCSKFCGTAGCTRYGCRNLHRGKLCFCLHCSR,1
AP03033,MAQNSKLTIYLFLVAISVGSSLSYDVPKATVKVNSPKGFEVSIPDEPGISLFAFHGKVNEEMDDLSDQTWAADVVSSRNGRWTYRNRNHQLRPGDVLYYWTTARYHGVDYHNYNQRYVVGQGDSQRIDVNGSNGGRQPIVANGHNTFNIYVQ,1
AP00796,IIGPVLGLVGKPLESLLE,1
AP00723,SLLSLIRKLIT,1
AP00117,FLPFIARLAAKVFPSIICSVTKKC,1
AP02562,GWMSEKKVQGILDKKLPEGIIRNAAKAIVHKMAKNQFGCFANVDVKGDCKRHCKAEDKEGICHGTKCKCGVPISYL,1
AP00288,TCESPSHKFKGPCATNRNCES,1
AP01390,ILPFVAGVAAEMMQHVYCAASKKC,1
AP02841,FLTGLIGGLMKALGK,1
AP02426,QPKGLSRAHWFEIQHIQTSRQPCNTAMRGVNNYTQHCKQINTFLHESFQNVAATCSLHNITCKNGRKNCHESAEPVKMTDCSHTGGAYPNCRYSSDKQYKFFIVACEHPKKEDPPYQLVPVHLDKIV,1
AP01966,IKIPAVVKDTLKKVAKGVLSAVAGALTQ,1
AP02147,DGIWTQLIFTLVKNLATLWQSGDFQFLDHECHYRIKPTFRRLKWKYKGKFWCPSWTSITGRATKSSRSGAVEHSVRNFVGQAKSSGLITQRQAEQFISQYN,1
AP01959,AILTTLANWARKFL,1
AP02038,FLGLIFHGLVHAGKLIHGLIHRNRG,1
AP00812,FAEPLPSEEEGESYSKEPPEMEKRYGGFM,1
AP02025,DCYEDWSRCTPGTSFLTGILWKDCHSRCKELGHRGGRCVDSPSKHCPGVLKNNKQCHCY,1
AP01416,FLPIIAGAAAKVVQKIFCAISKKC,1
AP02103,GLWDTIKQAGKKFFLNVLDKIRCKVAGGCRT,1
AP00085,SLFSLIKAGAKFLGKNLLKQGACYAACKASKQC,1
AP02095,SGKSFKAGVCPPKKSAQCLRYKKPECQSDWQCPGKKRCCPDTCGIKCLDPVDTPNPTRRKPGKCPVTYGQCLMLNPPNFCEMDGQCKRDLKCCMGMCGKSCVSPVKA,1
AP00586,FLPLLFGAISHLL,1
AP02839,FFPLIPGVRCKILRTC,1
AP02315,ITIPPIVKDTLKKFIKGAISGVM,1
AP02539,RRGKDSGGPKMGRKDSKGCWRGRPGSGSRPGFGSGIAGASGVNHVGTLPASNSTTHPLDNCKISPQ,1
AP00596,FLPLVTGLLSGLL,1
AP00452,FLPVVAGLAAKVLPSIICAVTKKC,1
AP02830,VSFPWSCAALSGVCRQGACLPSELYFGPLGCGKGSLCCVSYFL,1
AP00707,RPDKPRPYLPRPRPPRPVR,1
AP01258,GLMDVFKGAAKNLLASALDKIRCKVTKC,1
AP02270,GFFDRIKALTKNVTLELLNTITCKLPVTPP,1
AP02004,GVWTTILGGLKKFAKGGLEALTNPK,1
AP00035,KSSAYSLQMGATAIKQVKKLFKKWGW,1
AP00453,FLPAIVGAAGQFLPKIFCAISKKC,1
AP01175,GMSGYIQGIPDFLKGYLHGISAANKHKKGRLGY,1
AP00899,FLPIVTNLLSGLL,1
AP02795,KAAAAKKSPKKPKKPAAAKK,1
AP01307,GCSRWIIGIHGQICRD,1
AP01706,GFMDTAKNVAKNVAVTLLDKLKCKITGGC,1
AP02594,EWKLPDLIINHITLTRRNCNKYRCG,1
AP00602,FLSLALAALPKLFCLIFKKC,1
AP02180,LDVKKIICVACKIKPNPACKKICPK,1
AP03137,APKVNVNALKKGGRVIKKGLGVIGAAGTAHEVYNHVRNRNQG,1
AP03097,ISRACLIMKVRRKK,1
AP01951,FLPLVLGALSGILPKIL,1
AP02785,FFWHHIGHALDAAKRVHGMLSG,1
AP00041,QGVRNHVTCRIYGGFCVPIRCPGRTRQIGTCFGRPVKCCRRW,1
AP01275,GILDTIKNAAKTVAVGLLEKIKCKMTGC,1
AP03075,HWIGDVLGAIGGAAHPVNPQKVVDQLNGKPAIKPHSCSPYGTGGTPNSCNW,1
AP00076,GILDTLKNLAISAAKGAAQGLVNKASCKLSGQC,1
AP02935,RSITRPVLVRRRWRVRPVF,1
AP01544,IFGAIAGLLKNIF,1
AP00822,GIFNVFKGALKTAGKHVAGSLLNQLKCKVSGEC,1
AP00530,VLSKSLCTPGCITGPLQTCYLCFPTFAKC,1
AP00102,GSKKPVPIIYCNRRTGKCQRM,1
AP00385,FKLGSFLKKAWKSKLAKKLRAKGKEMLKDYAKGLLEGGSEEVPGQ,1
AP00015,GLFDIVKKVVGALGSL,1
AP00500,GLGSVLGKALKIGANLL,1
AP00696,GLFDIIKNIVSTL,1
AP02312,FKIPPIVKDTLKKFFKGGIAGVMGQ,1
AP00426,GVFLDALKKFAKGGMNAVLNPK,1
AP01667,RRICRCRIGRCLGLEVYFGVCFLHGRLARRCCR,1
AP00266,GKREKCLRRNGFCAFLKCPTLSVISGTCSRFQVCCKTLLG,1
AP00616,ALSILRGLEKLAKMGIALTNCKATKKC,1
AP03047,FLGFVGQALNALLGKL,1
AP00096,LLPILGNLLNGLL,1
AP02179,LNWGAILKHIIK,1
AP03032,MHFTASLLFIGLACAFSSAWAYPYPDPREIVNLQPEPLAYAPNFDVPLHRVRRQFQLNGGGGGSPKQGFDLSLNGRAPVWQSPNGRHSFDATGSYAQHLGGPYGNSRPQWGAGGVYTFRF,1
AP01198,LSCDEGMLAVGGLGAVGGPWGAAVGVLVGAALYCF,1
AP02099,RPPQFTRAQWFAIQHISLNPPRCTIAMRAINNYRWRCKNQNTFLRTTFANVVNVCGNQSIRCPHNRTLNNCHRSRFRVPLLHCDLINPGAQNISNCTYADRPGRRFYVVACDNRDPRDSPRYPVVPVHLDTTI,1
AP01981,GGKCTVDWGGQGGGRRLPSPLFCCYKPTRICYLNQETCETETCP,1
AP01791,FLWGLIPGAISAVTSLIKK,1
AP00531,GKQYFPKVGGRLSGKAPLAAKTHRRLKP,1
AP01177,FNRGGYNFGKSVRHVVDAIGSVAGILKSIR,1
AP02863,KWKSFIKKLTKKFLHSAKKF,1
AP02032,RWKPFKKELKVGRNIRDGIIKAGPAVAVIGQATSIARPTGK,1
AP00656,GIMDSVKNAAKNLAGQLLDTIKCKITAC,1
AP02949,THILLLRLRKKVMS,1
AP02353,LPVNSPMNKGDTEVMKCIVEVISDTLSKPSPMPVSKECFETLRGDERILSILRHQNLLKELQDLALQGAKERTHQQ,1
AP02548,ATCDLLSPFKVGHAACAAHCIARGKRGGWCDKRAVCNCRK,1
AP02802,MAGLLRFLLSKGRALYNWAKSHVGKVWEWLKSGATYEQIKEWIENALGWR,1
AP00151,RCVCTRGFCRCVCRRGVC,1
AP00320,GIVDFAKGVLGKIKNVLGI,1
AP00568,GLFSVVTGVLKAVGKNVAKNVGGSLLEQLKCKKISGGC,1
AP00691,GFFKKAWRKVKHAGRRVLDTAKGVGRHYVNNWLNRYR,1
AP00783,RWGKWFKKATHVGKHVGKAALTAYL,1
AP01554,DFGCGQGMIFMCQRRCMRLYPGSTGFCRGFRCMCDTHIPLRPPFMVG,1
AP02569,KFFKRLLKSVRRAVKKFRKKPRLIGLSTLL,1
AP00493,NLVSGLIEARKYLEQLHRKLKNCKV,1
AP00206,WKSESLCTPGCVTGALQTCFLQTLTCNCKISK,1
AP02903,NGKKKRKKPEKLCMKPGACSVIFDASVNE,1
AP00734,SLGNFFRKARKKIGEEFKRIVQRIKDFLQHLIPRTEA,1
AP02564,LIAGLAANFLPKLFCKITK,1
AP00855,RCVCTRGFCRCICLLGIC,1
AP02886,LLNQELLLNPTHQIYPV,1
AP02915,LPLNTIPRPPYFPGKLPPRGGHLFPPTCVCVRSPCPCDQNWG,1
AP00676,RLGNFFRKVKEKIGGGLKKVGQKIKDFLGNLVPRTAS,1
AP01765,APPPGYAMESDSFS,1
AP00810,QSHLSLCRWCCNCCRSNKGC,1
AP01252,LVRGCWTKSYPPKPCFVR,1
AP01372,SKCKCSRKGPKIRYSDVKKLEMKPKYPHCEEKMVIITTKSVSRYRGQEHCLHPKLQSTKRFIKWYNAWNEKRRVYEE,1
AP01532,ATCDLLSGTGVKHSACAAHCLLRGNRGGYCNGRAICVCRN,1
AP02216,FLGALWNVAKSVF,1
AP02027,GFWGSLWEGVKSVV,1
AP03118,QSHLSLCRWCCNCCNRYKGCGFCCKF,1
AP00567,VWPLGLVICKALKIC,1
AP02481,GIGKFLHSAGKFGKAFIGEIMKS,1
AP03010,GFGCPLNERECHSHCQSIGRKFGYCGGTLRLTCICGKE,1
AP01325,QPFIPRPIDTCRLRNGICFPGICRRPYYWIGTCNNGIGSCCARGWRS,1
AP02451,VVIPSPCCMFFVSKRIPENRVVSYQLSSRSTCLKAGVIFTTKKGQQSCGDPKQEWVQRYMKNLDAKQKKASPRARAVA,1
AP01941,CVHWQTNTARTSCIGP,1
AP01982,ANKCIIDCMKVKTTCGDECKGAGFKTGGCALPPDIMKCCHNC,1
AP02186,MQQRGLAIVALAVCAALHASEAILPIASSCCTEVSHHISRRLLERVNMCRIQRADGDCDLAAVILHVKRRRICVSPHNHTVKQWMKVQAAKKNGKGNVCHRKKHHGKRNSNRAHQGKHETYGHKTPY,1
AP00150,ILPWKWPWWPWRR,1
AP00154,YSRCQLQGFNCVVRSYGLPTIPCCRGLTCRSYFPGSTYGRCQRY,1
AP02651,ATCDLFSFQSKWVTPNHAACAAHCTARGNRGGRCKKAVCHCRK,1
AP00585,SIWEGIKNAGKGFLVSILDKVRCKVAGGCNP,1
AP02786,FFGHLFRGIINVGKHIHGLLSG,1
AP03100,MDTMIDSLNKDMWAETTAKADGYKEYTINRQHKRIDKTTLGLFLDPEEGDSVTVQINDTLDDKDPLKNICRAEFKLDPTNTKVIGIDLDGDIVERKS,1
AP01496,IPPFIKKVLTTVF,1
AP01757,SPRVSRRYGRPFGGRPFVGGQFGGRPGCVCIRSPCPCANYG,1
AP00149,MPCSCKKYCDPWEVIDGSCGLFNSKYICCREK,1
AP02816,MAAFMKLIQFLATKGQKYVSLAWKHKGTILKWINAGQSFEWIYKQIKKLWA,1
AP02182,DRCTKRYGRCKRDCLESEKQIDICSLPRKICCTEKLYEEDDMF,1
AP01356,KTCMTKKEGWGRCLIDTTCAHSCRKYGYMGGKCQGITRRCYCLLNC,1
AP00667,EPHPDEFVGLM,1
AP00621,GIFPKIIGKGIKTGIVNGIKSLVKGVGMKVFKAGLNNIGNTGCNEDEC,1
AP01747,SFPFFPPGICKRLKRC,1
AP02844,CVVSSGWKWNYKIRCKLTGNC,1
AP01366,ATCDLLSMWNVNHSACAAHCLLLGKSGGRCNDDAVCVCRK,1
AP01855,GLFSKFVGKGIKNFLIKGVKHIGKEVGMDVIRVGIDVAGCKIKGVC,1
AP00147,AKIPIKAIKTVGKAVGKGLRAINIASTANDVFNFLKPKKRKA,1
AP00709,GFGCPNDYPCHRHCKSIPGRAGGYCGGAHRLRCTCYR,1
AP02509,HHHFGRIGHELHKGVKKVEKVTSDVNKVTNGVKQVANGIAKAKTVIEAGSIAGAVAAAAA,1
AP01364,ATCDLLSAFGVGHAACAAHCIGHGYRGGYCNSKAVCTCRR,1
AP02454,GFGCPFDQGACHRHCQSIGRRGGYCAGFIKQTCTCYHN,1
AP01593,CKQSCSFGPFTFVCDGNTK,1
AP00711,GFGCPNNYACHQHCKSIRGYCGGYCAGWFRLRCTCYRCG,1
AP00680,GLFGRLRDSLQRGGQKILEKAERIWCKIKDIFR,1
AP03123,GGILREKYFHKAADALTSNIPIPVVKDVLKSAANQMIRKIGKVQQACAFNKDLAGWCEKSCQEAEGKKGYCHGTKCKCGKPIDY,1
AP03013,GNPLKLFLPSTWVHFFKFLR,1
AP01908,AALRGCWTKSIPPKPCPGKR,1
AP00741,PITYLDAILAAVRLLNQRISGPCILRLREAQPRPGWVGTLQRRREVSFLVEDGPCPPGVDCRSCEPGALQHCVGTVSIEQQPTAELRCRPLRPQ,1
AP00750,EIRLPEPFRFPSPTVPKPIDIDPILPHPWSPRQTYPIIARRS,1
AP02516,YSLKKTSMKIIPFTRL,1
AP02964,KRFKKFFRKIKKGFRKIFKKTKIFIGGTIPI,1
AP00521,ILGTILGLLKGL,1
AP02457,KKCGFFCKLKNKLKSTGSRSNIAAGTHGGTFRV,1
AP01203,KKKSGVIPTVSHDCHMNSFQFVFTCCS,1
AP00658,FLPLVGKILSGLI,1
AP01428,GFKGAFKNVMFGIAKSAGKSALNALACKIDKSC,1
AP02093,SDGGAQDCCLKYSQRKIPAKVVRSYRKQEPSLGCSIPAILFLPRKRSQAELCADPKELWVQQLMQHLDKTPSPQKPAQGCRKDRGASKTGKKGKGSKGCKRTERSQTPKGP,1
AP00582,GFSSLFKAGAKYLLKSVGKAGAQQLACKAANNCA,1
AP01247,FMPIIGRLMSGSL,1
AP01798,SPRPDDKKNQGSASVDVQNERGEGTKVDARVRQELWRSDDGRTRAQAYGHWDRTYGGRNHGERSYGGGMRIEHTWGN,1
AP02279,FMGTALKIAANVLPAAFCKIFKKC,1
AP00527,ILGPVISKIGGVLGGLLKNL,1
AP01579,FVLPLVMCKILRKC,1
AP01186,KTYYGTNGVHCTKKSLWGKVRLKNVIPGTLCRKQSLPIKQDLKILLGWATGAFGKTFH,1
AP02499,GWLRDFGKRIERVGQHTRDATIQAIGVAQQAANVAATVRG,1
AP01339,FLSFPTTKTYFPHFDLSHGSAQVKGHGAK,1
AP01367,VTCNIGEWVCVAHCNSKSKKSGYCSRGVCYCTN,1
AP03161,GLHKVMREVLGYERNSYKKFFLR,1
AP00770,GLLGLLGSVVSHVLPAITQHL,1
AP02986,VNFLLHKIYGNIRYS,1
AP00391,FIGTALGIASAIPAIVKLFK,1
AP02399,ESISVAGGTWNYGYGVGQAYSHYKHDYNNHGAKVVNSNNGVKDYKNAGPGVWAKASIGTVWDPATFYYNPTGFYSN,1
AP00546,FLSLIPHAINAVSAIAKHN,1
AP01724,GTPGFQTPDARVISRFGFN,1
AP00481,FFSASCVPGADKGQFPNLCRLCAGTGENKCA,1
AP02615,GIFSKFAGKGLKNLFMKGAKTIGKEVGMDVLRTGIDIAGCKIKGEC,1
AP00683,RRLRPRRPRLPRPRPRPRPRPRSLPLPRPQPRRIPRPILLPWRPPRPIPRPQIQPIPRWL,1
AP00875,FLSSIGKILGNLL,1
AP00431,TWLKKRRWKKAKPP,1
AP01892,IPWKLPATFRPVERPFSKPFCRKD,1
AP03054,DARARRIVRAGRRRGGRRGGRRGGRRSARKS,1
AP00428,SAFTVWSGPGCNNRAERYSKCGCSAIHQKGGYDFSYTGQTAALYNQAGCSGVAHTRFGSSARACNPFGWKSIFIQC,1
AP02078,ASVVTELRCQCLQTLQGIHLKNIQSVNVRSPGPHCAQTEVIATLKNGKKACLNPASPMVQKIIEKILNKGSTN,1
AP02719,GFGSKPLDSFGLNFF,1
AP01749,LVQRGRFGRFLKKVRRFIPKVIIAAQIGSRFG,1
AP01005,YVSCLFRGARCRVYSGRSCCFGYYCRRDFPGSIFGTCSRRNF,1
AP02671,KKLFKKILKYL,1
AP00737,GLVTSLIKGAGKLLGGLFGSVTGGQS,1
AP00267,LFCKRGTCHFGRCPSHLIKVGSCFGFRSCCKWPWDA,1
AP00324,GVGDLIRKAVSVIKNIV,1
AP01710,GIFSTVFKAGKGIVCGLTGLC,1
AP02257,KVFERCELARTLKRLGMDGYRGISLANWMCLAKWESGYNTRATNYNAGDRSTDYGIFQINSRYWCNDGKTPGAVNACHLSCSALLQDNIADAVACAKRVVRDPQGIRAWVAWRNRCQNRDVRQYVQGCGV,1
AP00017,GLFDIVKKVVGTLAGL,1
AP00492,RQRVEELSKFSKKGAAARRRK,1
AP02601,PPIQNPSMAPPTQNPYGQPMTPPTQNPYGQPMAPP,1
AP03044,YYHFWHRGVTKRSLSPHRPRHSRLQR,1
AP03098,RIVELTLPRVSVRL,1
AP00064,ILGPVLGLVGNALGGLIKNE,1
AP00312,LRDLVCYCRARGCKGRERMNGTCRKGHLLYMLCCR,1
AP01542,AVLDFIKAAGKGLVTNIMEKVG,1
AP02741,CEWYNISCQLGNKGQWCTLTKECQRSCK,1
AP00263,GLLQTIKEKLESLESLAKGIVSGIQA,1
AP02597,FIGALLGPLLNLLK,1
AP00427,GLLGPLLKIAAKVGSNLL,1
AP02635,QGGIASCCRRHSKTQINREHLTHYYEQHRPPCPIKAVVFYVIGGARICADPNKVWTKTSKAFLDGVHYQRQHTSSKVSF,1
AP01516,LNLKGIFKKVASLLT,1
AP01304,GLLSGILGAGKHIVCGLSGPCQSLNRKSSDVEYHLAKC,1
AP01838,GLLDGILNANFNAAKSAGTSVLNALSCKLSKTC,1
AP01467,VNWKKILGKIIKVVK,1
AP00499,VGALAVVVWLWLWLW,1
AP01653,GLFSVLGSVAKHLLPHVVPVIAEKL,1
AP01456,VGKTWIKVIRGIGKSKIKWQ,1
AP00489,SGRGKTGGKARAKAKTRSSRAGLQFPVGRVHRLLRKGNYAHRVGAGAPVYL,1
AP02558,KFKWGKLFSTAKKLYKKGKKLSKNKNFKKALKFGKQLAKNLQAGEEHEPGTPVGNNKCWAIGTTCSDDCDCCPEHHCHCPAGKWLPGLFRCTCQVTESDKVNKCPPAE,1
AP01591,KCWNLRGSCREKCIKNEKLYIFCTSGKLCCLKPKFQPNMLQR,1
AP01151,GTWDDIGQGIGRVAYWVGKALGNLSDVNQASRINRKKKH,1
AP02102,DRGYGGGRRGGGYGGGGYGGGGGGYGGGGGGYGGGVGGGRGGGGGLGGGRGGGGGLVDGKDDVGLGGGGYGGGLGGGQGGGGGLGGGQGGGGGLGGGRGGGGYGGGGGGYGGGKYGGGKY,1
AP03030,GLLDFLKAAGKGLVSNLLEK,1
AP01285,GDPLADPNSQIVRQIMSNAAWGAAFGARGGLGGMAVGAAGGVTQTVLQGAAAHMPVNVPIPKVPMGPSWNGSKG,1
AP00180,ATCYCRTGRCATRESLSGVCEISGRLYRLCCR,1
AP02274,FISGLIGGLMKAL,1
AP00482,FSFKRLKGFAKKLWNSKLARKIRTKGLKYVKNFAKDMLSEGEEAPPAAEPPVEAPQ,1
AP01583,GWANTLKNVAGGLCKITGAA,1
AP03005,EVYGPSDYAEDYSISGQSSRRHPRDVTWDKQMGGGKVFGTLGQNDDGLFGKAGYNKEIFNDDRGKLTGQAYGTRVLGPGGDSTNYGGRLDWANKNAQATIDLNRQIGGRSGMTASGSGVWDLDKNTHFSAGGMVSKEFGHKRPDVGLQAEIRHDW,1
AP01876,GIFGKILGVGKKTLCELSGMC,1
AP02763,FFSMIPKIAGGIASLVKNLG,1
AP02674,ATTAMSRPGQIMTTRDMNIECRGNGWVGRGARDCCSGRCRVLKSKRCKCIGNKPSF,1
AP00494,KWKLFKKIPKFLHLAKKF,1
AP00580,GLFGKILGVGKKVLCGLSGMC,1
AP00547,RSNKGFNFMVDMIQALSK,1
AP02020,FLSTLLKVAFKVVPTLFCPITKKC,1
AP02979,VGPGAINAGTYLVSRELFER,1
AP02123,NVTPATKPTPSKPGYCRVMDELILCPDPPLSKDLCKNDSDCPGAQKCCYRTCIMQCLPPIFRE,1
AP00411,KAVAAKKSPKKAKKPATPKKAAKSPKKVKKPAAAAKKAAKSPKKATKAAKPKAAKPKAAKAKKAAPKKK,1
AP00668,EPNPDEFVGLM,1
AP02069,QNERYEKFLRQHYDAKPNGRDDRYCESMMKERKLTSPCKDVNTFIHGTKKNIRAICGKKGSPYGENFRISNSPFQITTCTHSGASPRPPCGYRAFKDFRYIVIACEDGWPVHFDESFISP,1
AP00501,GIGKHVGKALKGLKGLLKGLGES,1
AP01708,SFLTTFKDLAIKAAKSAGQSVLSTLSCKLSNTC,1
AP00011,WNPFKELERAGQRVRDAVISAAPAVATVGQAAAIARG,1
AP02851,MDVFMKGLSKAKEGVVAAAEKTKQGVAEAAGKTKEGVLYVGSKTKEGVVHGVATVAEKTKEQVTNVGGAVVTGVTAVAQKTVEGAGSIAAATGFVKKDQLGKNEEGAPQEGILEDMPVDPDNEAYEMPSEEGYQDYEPEA,1
AP01509,FLPKMSTKLRVPYRRGTKDYH,1
AP02415,GLFDSITQGLKDTAVKLLDKIKCKLSACPPA,1
AP00354,VTCDILSVEAKGVKLNDAACAAHCLFRGRSGGYCNGKRVCVCR,1
AP02552,KWFNEKSIQNKIDEKIGKNFLGGMAKAVVHKLAKNEFMCVANVDMTKSCDTHCQKASGEKGYCHGTKCKCGVPLSY,1
AP02528,VSCDFEEANEDAVCQEHCLPKGYTYGICVSHTCSCIYIVELIKWYTNTYT,1
AP01381,DDTPSSRCGSGGWGPCLPIVDLLCIVHVTVGCSGGFGCCRIG,1
AP02947,TTAPCKCWIGLRRCFK,1
AP02542,LRLKSIVSYAKKVL,1
AP00647,FLPLIAGLAANFLPKIFCAITKKC,1
AP00157,ALWKTMLKKLGTMALHAGKAALGAAADTISQGTQ,1
AP00490,AALKGCWTKSIPPKPCSGKR,1
AP00788,AGWGSIFKHIFKAGKFIHGAIQAHND,1
AP02278,FLPAVLKVAAHILPTAICAISRRC,1
AP00268,NRLSCHRNKGVCVPSRCPRHMRQIGTCRGPPVKCCRKK,1
AP02701,GTKRGKLCRISRLAL,1
AP02545,KDGYIIEHRGCKYSCFFGTNSWCNTECTLKKGSSGYCAWPACWCYGLPDNVKIFDSNNLKC,1
AP00346,RWKIFKKIERVGQNVRDGIIKAGPAIQVLGTAKAL,1
AP02909,RRRRRFRRVIRRIRLPKYLTINTE,1
AP00615,ALFSILRGLKKLGNMGQAFVNCKIYKKC,1
AP01725,FLPILGNLLSGLL,1
AP02693,GNGVIKTVSHECKMNTWQFLFTCCS,1
AP01558,LGAWLAGKVAGTVATYAWNRYV,1
AP00164,ALWKTIIKGAGKMIGSLAKNLLGSQAQPES,1
AP00120,GLLDTIKGVAKTVAASMLDKLKCKISGC,1
AP00958,ALWKTLLKNVGKAAGKAALNAVTDMVNQ,1
AP01251,SAPRGCWTKSYPPKPCK,1
AP02717,AVNIPFKVHLRCKAAFC,1
AP02975,FFGHLFKLATKIIPSLFQRKKE,1
AP01348,SLSRFLSFLKIVYPPAF,1
AP02633,KGFKKIEKLGRHIRDGVVKAGPAVGVVGQASSIMG,1
AP01363,ATCDLASGFGVGSSLCAAHCIARRYRGGYCNSKAVCVCRN,1
AP01470,AQRCGDQARGAKCPNCLCCGKYGFCGSGDAYCGAGSCQSQCRGCR,1
AP00275,GVIPCGESCVFIPCISTLLGCSCKNKVCYRN,1
AP00727,RWCVYAYVRVRGVLVRYRRCW,1
AP02120,YVPKIPKPQPNKPNFPSFPGHGPFNPHASRFPRSPKDNGKIVFDAKKEGGKTQWNVETQQKVWGNKHGSIHVSAGAGKQPGGKPQGQVGIGGSFSWGK,1
AP02765,NGNLLGGLLRPVLGVVKGLTGGLGKK,1
AP03014,QSKKCCGRCSSRMCTKREKEEHTEDCRGSFCCLTHRKKK,1
AP00769,GLLGAMFKVASKVLPHVVPAITEHF,1
AP03049,VLLVTLTRLHQRGVIYRKWRHFSGRKYR,1
AP00143,KKLLKWLKKLL,1
AP00835,GKIPVKAIKKGGQIIGKALRGINIASTAHDIISQFKPKKKKNH,1
AP00020,GLFDIVKKIAGHIAGSI,1
AP02866,AGFAAQAAASLAPVAAQQL,1
AP00556,GFMKYIGPLIPHAVKAISDLI,1
AP02432,APVPFSCTRGCLTHLV,1
AP02241,KYALMKKIAELIPNLKSRQVK,1
AP00574,GLFSKFAGKGIKNLIFKGVKHIGKEVGMDVIRTGIDVAGCKIKGEC,1
AP02500,GWLKKIGKKIERVGQHTRDATIQVLGVAQQAANVAATARG,1
AP02774,VTQPLAPVHNPISV,1
AP00544,GVLDIFKDAAKQILAHAAEKQI,1
AP01766,FPPPGESAVDMSFFYALSNP,1
AP00300,GRKSDCFRKNGFCAFLKCPYLTLISGKCSRFHLCCKRIW,1
AP01533,KRRGSVTTRYQFLMIHLLRPKKLFA,1
AP00217,GICACRRRFCPNSERFSGYCRVNGARYVRCCSRR,1
AP02225,YDTGIQGWTCGSRGLCRKHCYAQEHTVGYHGCPRRYRCCALRF,1
AP00809,GIKCRFCCGCCTPGICGVCCRF,1
AP00735,RLGNFFRKAKKKIGRGLKKIGQKIKDFLGNLVPRTES,1
AP02998,GSKRWRKFEKRVKKIFEETKEALPVVQGVVAVATAVGRR,1
AP00127,RWKVFKKIEKVGRNIRDGVIKAAPAIEVLGQAKAL,1
AP00153,RSVCRQIKICRRRGGCYYKCTNRPY,1
AP02384,AWLDKLKSLGKVVGKVALGVAQNYLNPQQ,1
AP02953,MAKLLRLDKKRNKFLCFV,1
AP03024,GRPSPSPSCRSWCKRPGHPEKNAFYCCDFGIGTVGKPFATHPGKCPHRPICPEGLYTRGPAPTVCAHDGQCSKHEKCCADACLEHHTCLLADP,1
AP01932,FFPIVGKLLFGLSGLL,1
AP01136,GGTIFDCGESCFLGTCYTKGCSCGEWKLCYGTN,1
AP02328,GSVIKCGESCLLGKCYTPGCTCSRPICKKD,1
AP01671,RCVCRRGVCRCVCTRGFC,1
AP01648,GKLNLFLSRLEILKLFVGAL,1
AP00055,IIGPVLGMVGSALGGLLKKI,1
AP00062,SIGAKILGGVKTFFKGALKELASTYLQ,1
AP00378,GWKDWLNKGKEWLKKKGPGIMKAALKAATQ,1
AP01849,TSRCIFYRRKKCS,1
AP00079,GILDSLKNLAKNAGQILLNKASCKLSGQC,1
AP01899,FLKPLFNAALKLLP,1
AP00839,KVPVGAIKKGGKAIKTGLGVVGAAGTAHEVYSHIRNRH,1
AP01752,VTCELLMFGGVVGDSACAANCLSMGKAGGSCNGGLCDCRKTTFKELWDKRFG,1
AP02723,MRVLLLLVSLAAVGNAYNAKVPIQTLPERLDNFPGRGPSFTRPAVVGVQTLPGRVPPQTFPGVIGVGTKPLISPPRPGFTGSTRPFQRPGQYSFTRSNCWARCPGYPNGDSLCCRQYGACCSTSYPVPYKG,1
AP01918,IGVIKLSLCEEERNADEEKRRDDPDEMDVEVEKR,1
AP02612,SFLSTFKKLAIDAAKNAGQSVLHTLTCKLDNQC,1
AP02804,MSGRGKGGKVKGKSKSRSSRAGLQFPVGRIHRLLRKGNYAERVGAGAPVYLAAVMEYLAAEVLELAGNAARDNKKTRIVPRHLQLAIRNDEELNKLLSGVTIAQGGVLPNIQAVLLPKKTEKK,1
AP00561,GWKIGKKLEHHGQNIRDGLISAGPAVFAVGQAATIYAAAK,1
AP02106,FFPLLFGALSSMMPKLF,1
AP01861,GIFSKISGKAIKNLFIKGAKNVGKEVGMDVVRTGIDVVGCKIKGEC,1
AP01952,FFPLLFGALSSHLPKLF,1
AP00210,GMASKAGAIAGKIAKVALKAL,1
AP00871,FLPFLKSILGKIL,1
AP01232,MNLNGLPASTNVIDLRGKDMGTYIDANGACWAPDTPSIIMYPGGSGPSYSMSSSTSSANSGS,1
AP02029,DSIRDVSPTFNKIRRWFDGLFK,1
AP02889,GDVPPGIRNTICRMQQGICRLFFCHSGTGQQHRQRCG,1
AP01414,FLPIIAGIAAKFLPKIFCTISKKC,1
AP00712,GFGCPLNQGACHRHCRSIRRRGGYCAGFFKQTCCYRN,1
AP00866,FLPIIAKVLSGLL,1
AP01318,IPVLCPVCTSLVGKLIDLVLGGAVDKVTDYLETLCAKADGLVETLCTKIVSYGIDKLIEKILEGGSAKLICGLIHAC,1
AP02850,ACVNQCPDAIDRFIVKDKGCHGVEKKYYKQVYVACMNGQHLYCRTEWGGPCQL,1
AP01693,KFCEKPSGTWSGVCGNSGACKDQCIRLEGAKHGSCNYKPPAHRCICYYEC,1
AP01744,ILGPVIKTIGGVIGGLLKNL,1
AP00366,GRFKRFRKKFKKLFKKLSPVIPLLHLG,1
AP03028,DEMKLDGFNMHLE,1
AP02193,YSKSLPLSVLNP,1
AP02740,GLLSALRKMIPHILSHIKK,1
AP00964,GLWSKIKEAAKAAGKAALNAVTGLVNQGDQPS,1
AP01168,LVAYGIAQGTAEKVVSLINAGLTVGSIISILGGVTVGLSGVFTAVKAAIAKQGIKKAIQL,1
AP02039,FAHWPDLGPGSPSVKKHGKVIM,1
AP02288,GWASSIGSILGKFAKGGAQAFLQPK,1
AP00729,GLPVCGETCVGGTCNTPGCTCSWPVCTRN,1
AP00118,GILDSFKGVAKGVAKDLAGKLLDKLKCKITGC,1
AP03051,KKPSKKPKPQAMTFPKVTVEYFPASFSTAALTVPED,1
AP00298,LFCKGGSCHFGGCPSHLIKVGSCFGFRSCCKWPWNA,1
AP01261,IIEKLVNTALGLLSGL,1
AP02267,FIPGLRRLFATVVPTVVCAINKLPPG,1
AP02401,VAPIAKYLATALAKWALKQGFAKLKS,1
AP01393,GVFTLIKGATQLIGKTLGKELGKTGLELMACKITNQC,1
AP02077,APLATELRCQCLQTLQGIHLKNIQSVKVKSPGPHCAQTEVIATLKNGQKACLNPASPMVKKIIEKMLKNGKSN,1
AP01927,GLFNVFKKVGKNVLKNVAGSLMDNLKCKVSGEC,1
AP01980,IFGAIWNGIKSLF,1
AP01660,WNSNRRFRVGRPPVVGRPGCVCFRAPCPCSNY,1
AP01897,GILDTLKEFGKTAAKGIAQSLLSTASCKLAKTC,1
AP00226,VTCDLLSFKGQVNDSACAANCLSLGKAGGHCEKVGCICRKTSFKDLWDKRF,1
AP00517,KIKWFKTMKSIAKFIAKEQMKKHLGGE,1
AP01794,FVDLKKIANIINSIF,1
AP00199,KYYGNGVHCTKSGCSVNWGEAFSAGVHRLANGGNGFW,1
AP02491,GLASTIGSLLGKFAKGGAQAFLQPK,1
AP02782,FPFLLSLIPSAISAIKRL,1
AP01188,MLAKIKAMIKKFPNPYTLAAKLTTYEINWYKQQYGRYPWERPVA,1
AP02592,VPAESEAAHLRVRRGFGCPLNQGACHNHCRSIRRRGGYCSGIIKQTCTCYRN,1
AP02530,SGEKKCWNRSGHCRKQCKDGEAVKDTCKNLRACCIPSNEDHRRVPATSPTPLSDSTPGIIDDILTVRFTTDYFEVSSKKDMVEESEAGRGTETSLPNVHHSS,1
AP00765,MHDFWVLWVLLEYIYNSACSVLSATSSVSSRVLNRSLQVKVVKITN,1
AP01948,SIRDKIKTIAIDLAKSAGTGVLKTLICKLDKSC,1
AP00204,ITSISLCTPGCKTGALMGCNMKTATCNCSIHVSK,1
AP01622,GLGSLLGKAFKIGLKTVGKMMGGAPREQ,1
AP01294,GLGGAKKNFIIAANKTAPQSVKKTFSCKLYNG,1
AP00654,GLLDTIKNTAKNLAVGLLDKIKCKMTGC,1
AP00587,GIMSLFKGVLKTAGKHVAGSLVDQLKCKITGGC,1
AP00597,NFLGTLVNLAKKIL,1
AP02931,NRFTARFRRTPWRLCLQFRQ,1
AP01571,IFGSIYHRKCVVKNRCETVSGHKTCKDLTCCRAVIFRHERPEVCRPQT,1
AP00461,FLPMLAGLAASMVPKLVCLITKKC,1
AP01572,WNPFKKIANRNCYPKTTCETAGGKKTCKDFSCCQIVLFGKKTRAKCTVVTS,1
AP02517,PPPVIKFNRPFLMWIVERDTRSILFMGKIVNPKAP,1
AP02165,ITSFIGCTPGCGKTGSFNSFCC,1
AP00731,SFGLCRLRRGFCARGRCRFPSIPIGRCSRFVQCCRRVW,1
AP02239,GFLGILFHGVHHGRKKALHMNSERRS,1
AP03046,FLGALGNALSRVL,1
AP01181,AYPGNGVHCGKYSCTVDKQTAIGNIGNNAA,1
AP01643,RIKRFWPVVIRTVVAGYNLYRAIKKK,1
AP02899,TRRKFWKKVLNGALKIAPFLLG,1
AP00139,KWKLFKKIEKVGQNIRDGIIKAGPAVAVVGQATQIAK,1
AP01401,GVLDILKGAAKDLAGHVATKVINKI,1
AP02908,LRWTPTPSYPRYPTRSRGSRWSR,1
AP00881,SLLGTVKDLLIGAGKSAAQSVLKGLSGKLSKDC,1
AP00358,FGLPMLSILPKALCILLKRKC,1
AP00042,QGVRNFVTCRINRGFCVPIRCPGHRRQIGTCLGPRIKCCR,1
AP02148,FFLLFLQGAAGNSVLCRIRGGRCHVGSCHFPERHIGRCSGFQACCIRTWG,1
AP00295,EVERKHPLGGSRPGRCPTVPPGTFGHCACLCTGDASEPKGQKCCSN,1
AP01574,SWFSRTVHNVGNAVRKGIHAGQGVCSGLGL,1
AP01751,RWKIFKKIEKVGRNVRDGIIKAGPAVAVVGQAATVVK,1
AP00849,TSYGNGVHCNKSKCWIDVSELETYKAGTVSNPKDILW,1
AP02731,SYVGDCGSNGGSCVSSYCPYGNRLNYFCPLGRTCCRRSY,1
AP02421,GVLSVIKNALPGIMRF,1
AP02555,IWLTALKFLGKNLGKHLAKQQLAKL,1
AP01707,SLLDTFKNLAVNAAKSAGVSVLNALSCKISRTC,1
AP02978,VSGPAGPPGTH,1
AP02690,FFVLKFLLKWAGKVGLEHLACKFKNWC,1
AP02700,KKVWFIFHVCPKLKQRIL,1
AP01997,TPGGIDFISGGPHVAQDVLNAIKNFFK,1
AP00433,SSLLEKGLDGAKKAVGGLGKLGKDAVEDLESVGKGAVHDVKDVLDSV,1
AP00167,GWMSKIASGIGTFLSGMQQ,1
AP02883,GMASLLAKVLPHVVKLIK,1
AP01345,FFGTALKIAANVLPTAICKILKKC,1
AP00175,DSHEERHHGRHGHHKYGRKFHEKHHSHRGYRSNYLYDN,1
AP00777,GKGRWLERIGKAGGIIIGGALDHL,1
AP00194,VGECVRGRCPSGMCCSQFGYCGKGPKYCGR,1
AP00008,RLCRIVVIRVCR,1
AP00864,FLPIVGRLISGLL,1
AP02689,FLKGCWTKWYSLKPKCPF,1
AP01392,SVLGTVKDLLIGAGKSAAQSVLTALSCKLSNSC,1
AP02962,RRIRFRPPYLPRPGRRPRFPPPFPIPRIPRIP,1
AP01242,GLLSFLPKVIGVIGHLIHPPS,1
AP00422,QGCKGPYTRPILRPYVRPVVSYNACTLSCRGITTTQARSCCTRLGRCCHVAKGYS,1
AP00119,GILSSIKGVAKGVAKNVAAQLLDTLKCKITGC,1
AP02452,TRGSDISKTCCFQYSHKPLPWTWVRSYEFTSNSCSQRAVIFTTKRGKKVCTHPRKKWVQKYISLLKTPKQL,1
AP00742,SPIHACRYQRGVCIPGPCRWPYYRVGSCGSGLKSCCVRNRWA,1
AP01524,DIDFSTCARMDVPILKKAAQGLCITSCSMQNCGTGSCKKRSGRPTCVCYRCANGGGDIPLGAL,1
AP03041,LNLKALLAVAKKIL,1
AP03001,FFRNLWKGAKAAFRAGHAAWRA,1
AP02311,ITIPPIVKDTLKKFFKGGIAGVMGKSQ,1
AP02586,SLGVTLGAAGLYTATQTIATQIWKCGAVLTTSAECSRTGNSC,1
AP02096,KVHGSLARAGKVRGQTPKVAKQEKKKKKTGRAKRRMQYNRRFVNVVPTFGKKKGPNANS,1
AP02697,GTFIKQQRKQKQQRHHTSGTRKRMAK,1
AP03017,SICCSFPDPWGGLCCEDHCSYIGKPGGQCSDKGVCTCN,1
AP01721,FLPVLTGLTPSIVPKLVCLLTKKC,1
AP02005,GLMSSIGKALGGLIVDVLKPKTPAS,1
AP01990,AIPCGESCVWIPCISTVIGCSCSNKVCYR,1
AP02662,PPHKKKLAVYPVFLFYLFLSWFSLIV,1
AP01510,GILKKFMLHRGTKVYKMRTLSKRSH,1
AP02724,AATKPKKAGAEAAPKKPAKKQTKKKPAKKAGGKKKPKRAGAKKAKK,1
AP00886,FLPILASLAATLGPKLLCLITKKC,1
AP00303,FCTMIPIPRCY,1
AP00395,HSSGYTRPLPKPSRPIFIRPIGCDVCYGIPSSTARLCCFRYGDCCHR,1
AP02303,SLWENFKNAGKQFILNILDKIRCRVAGGCRT,1
AP00429,GLICESCRKIIQKLEDMVGPQPNEDTVTQAASRVCDKMKILRGVCKKIMRTFLRRISKDILTGKKPQAICVDIKICKE,1
AP01358,VTCDLLSFEAKGFAANHSLCAAHCLAIGRRGGSCERGVCICRR,1
AP02040,KSCCRSTLGRNCYNLCRARGAQKLCAGVCRCKISSGLSCPKGFPK,1
AP02919,FLSLIPKIATGIAALAKHL,1
AP02007,GLLGTLGNLLNGLGL,1
AP02064,GILDKLKEFGISAARGVAQSLLNTTASCKLAKTC,1
AP01603,SSSGWLCTLTIECGTIICACR,1
AP03042,FLPLLLSALPSFLCLVFKKC,1
AP00424,GFLGPLLKLAAKGVAKVIPHLIPSRQQ,1
AP01299,GLFTLIKGAAKLIGKTVPKKQARLGMNLWLVKLPTNVKT,1
AP01850,SFLSTFKELAINAAKNAGQSILHTLSCKLDKTC,1
AP02712,MNSSSVLFVCILGACSVWTVHGRNLKVNDDDQEGAELDISVEARKLPGLCWVCKWSLNKVKKLLGRNTTAESVKEKLMRVCNEIGLLKSLCKKFVKGHLGELIEELTTSDDVRTICVNLKACKPKELSELDFESDEDAHTEMNDLLFE,1
AP00661,GILSLFTGGIKALGKTLFKMAGKAGAEHLACKATNQC,1
AP02729,IWSFLIKAATKLLPSLFGGGKKDS,1
AP02895,SMATPHVAGAAALILSKHPTWTNAQVRDRLESTATYLGNSFYYGK,1
AP02430,RLFRHAFKAVLRL,1
AP02046,GIFGKILGAGKKVLCGLSGLC,1
AP01874,GLFSKFAGKGIVNFLIEGVE,1
AP02365,VIVKAIATLSKKLL,1
AP02437,FFGRLKSVWSAVKHGWKAAKSR,1
AP02948,RLLLVMIGLRSKIKWHSGI,1
AP01945,FIGPVLKIAAGILPTAICKIFKKC,1
AP01161,GRDYRTCLTIVQKLKKMVDKPTQRSVSNAATRVCRTGRSRWRDVCRNFMRRYQSRVTQGLVAGETAQQICEDLR,1
AP01789,HSHACTSYWCGKFCGTASCTHYLCRVLHPGKMCACVHCSR,1
AP02623,ASHLGHHALDHLLK,1
AP00182,GFGCPLDQMQCHRHCQTITGRSGGYCSGPLKLTCTCYR,1
AP00543,GVVDILKGAGKDLLAHLVGKISEKV,1
AP00371,GLLSRLRDFLSDRGRRLGEKIERIGQKIKDLSEFFQS,1
AP02002,GLFLDTLKKFAKAGMEAVINPK,1
AP00053,GIGAAILSAGKSIIKGLANGLAEHF,1
AP01323,LPVNEAQCRQVGGYCGLRICNFPSRFLGLCTRNHPCCSRVWV,1
AP00319,GILDFAKTVVGGIRNALGI,1
AP01627,LQDAALGWGRRCPRCPRCPRCSWCPRCPTCPRCNCNPK,1
AP02118,FLPAALAGIGGILGKLF,1
AP01792,GWINEEKIQKKIDERMGNTVLGGMAKAIVHKMAKNEFQCMANMDMLGNCEKHCQTSGEKGYCHGTKCKCGTPLSY,1
AP02777,VKGSWSKKFEVIA,1
AP01549,VLLFLFQAAPGSADAPFADTAACRSQGNFCRAGACPPTFAASGSCHGGLLNCCAK,1
AP02532,QGPGRQPDFQRCGQQLRNISPPQRCPSLRQAVQLTHQQQGQVGPQQVRQMYRVASNIPST,1
AP03012,RKCNFLCKVKNKLKSVGSKSLIGSATHHGIYRV,1
AP01651,LVATGMAAGVAKTIVNAVSAGMDIATALSLFSGAFTAAGGIMALIKKYAQKKLWKQLIAA,1
AP02834,GLWTTIKEGLKKFSLGVLDKIRCKIAGGC,1
AP02521,MTPLWRVMGNKPFGAYCQDHVECSTGICKGGHCITSQPIKS,1
AP01190,MGAIAKLVAKFGWPIVKKYYKQIMQFIGEGWAINKIIEWIKKHI,1
AP02557,ECIPTKHDCTNDRKNCCPGHECKCYNTQIGGSKKEQCGCKKSLLAKAKNFGGKVITIFKA,1
AP01748,SFHVFPPWMCKSLKKC,1
AP00911,FLSLIPHIVSGVAALAKHL,1
AP00584,VIDDLKKVAKKVRRELLCKKHHKKLN,1
AP00637,ARSYGNGVYCNNKKCWVNRGEATQSIIGGMISGWASGLAGM,1
AP00666,EGGGPQWAVGHFM,1
AP01000,GSGVIPTISHECHMNSFQFVFTCCS,1
AP00370,VGRFRRLRKKTRKRLKKIGKVLKWIPPIVGSIPLGCG,1
AP02535,RRSKVRICSRGKNCVSRLGGGSIIGRPGGGSLIGRPGGGSVIGRPGGGSPPGGGSFNDEFIRDHSDGNRFA,1
AP03133,GLWSKIKDAAKTAGKAALGFVNEMV,1
AP02716,AAKIILNPKFRCKAAFC,1
AP02219,WSCPTLSGVCRKVCLPTEMFFGPLGCGKEFQCCVSHFF,1
AP01248,INMKASAAVAKKLL,1
AP00123,GLFLDTLKGLAGKLLQGLKCIKAGCKP,1
AP00251,GLVSSIGKALGGLLADVVKTKEQPA,1
AP02206,DVYKGGGGGRYGGGRYGGGGGYGGGLGGGGLGGGGLGGGKGLGGGGLGGGGLGGGGLGGGGLGGGKGLGGGGLGGGGLGGGGLGGGGLGGGKGLGGGGLGGGGLGGGRGGGYGGGGGYGGGYGGGYGGGKYKG,1
AP01922,GMWSKILGHLIR,1
AP01249,GILDAIKAIAKAAG,1
AP00484,RGFRKHFNKLVKKVKHTISETAHVAKDTAVIAGSGAAVVAAT,1
AP01759,RMRRSKSGKGSGGSKGSGSKGSKGSKGSGSKGSGSKGGSRPGGGSSIAGGGSKGKGGTQTA,1
AP01573,GWFKKTFHKVSHAVKSGIHAGQRGCSALGF,1
AP02425,WPKRLTKAHWFEIQHIQPSPLQCNRAMSGINNYTQHCKHQNTFLHDSFQNVAAVCDLLSIVCKNRRHNCHQSSKPVNMTDCRLTSGKYPQCRYSAAAQYKFFIVACDPPQKSDPPYKLVPVHLDSIL,1
AP00931,LAGYTGIASGTAKKVVDAIDKGAAAFVIISIISTVISAGALGAVSASADFIILTVKNYISRNLKAQAVIW,1
AP01156,NKLAYNMGHYAGKATIFGLAAWALLA,1
AP01012,SWKSMAKKLKEYMEKLKQRA,1
AP00305,RVCYAIPLPICY,1
AP01795,QIINNPITCMTNGAICWGPCPTAFRQIGNCGHFKVRCCKIR,1
AP02030,MQIFVKTLTGKTITLEVEPSDTIENVKAKIQDKEGIPPDQQRLIFAGKQLEDGRTLSDYNIQKESTLHLVLRLR,1
AP01200,GGGVIQTISHECRMNSWQFLFTCCS,1
AP00715,RTCMKKEGWGKCLIDTTCAHSCKNRGYIGGNCKGMTRTCYCLVNC,1
AP00758,FLSLIPHAINAVSALANHG,1
AP02280,GLRDKIKNVAIDVAKGAGTGVLKALLCQLDKSC,1
AP00272,DQYKCLQHGGFCLRSSCPSNTKLQGTCKPDKPNCCKS,1
AP01696,SPAGCRFCCGCCPNMRGCGVCCRF,1
AP02387,RLGTALPALLKTLLAGLNG,1
AP01535,GILSGILGMGKKLVCGLSGLC,1
AP00914,QYGRRCCNWGPGRRYCKRWC,1
AP03104,KWAVRIIRKFIKGFIS,1
AP01288,RRLHPQHQRFPRERPWPKPLSLPLPRPGPRPWPKPL,1
AP03025,FLRSLLRGAKAIYRGARAGWRG,1
AP01241,FASLLGKALKALAKQ,1
AP02202,RKCNFLCKLKEKLRTVITSHIDKVLRPQG,1
AP00455,FFPIVAGVAGQVLKKIYCTISKKC,1
AP01947,FLGPIIKIATGILPTAICKFLKKC,1
AP02702,LRHKVYGYCVLGP,1
AP00070,INVLGILGLLGKALSHL,1
AP00695,FLPILGKLLSGIL,1
AP00006,GNNRPVYIPQPRPPHPRI,1
AP00736,RLGDILQKAREKIEGGLKKLVQKIKDFFGKFAPRTES,1
AP00570,SIITMTKEAKLPQLWKQIACRLYNTC,1
AP00714,GYGCPFNQYQCHSHCSGIRGYKGGYCKGTFKQTCKCY,1
AP00550,KSCCRNTVARNCYNVCRIPGTPRPVCAATCDCKLITGTKCPPGYEK,1
AP02083,VLEVYYTSLRCRCVQESSVFIPRRFIDRIQILPRGNGCPRKEIIVWKKNKSIVCVDPQAEWIQRMMEVLRKRSSSTLPVPVFKRKIP,1
AP02753,QDKGNADTRFLGGLGVPGGGVPGVGGGFLPGVPGHGGVVPGGGGNYCRTRYGYVCCKPGRCPQIRETCPGLRKGIPICRQDNECFGSDKCCFDTCLNDTVCKPIVAGFSGLLPGGQFEC,1
AP01420,GIFSLIKGAAQLIGKTVAKEAGKTGLELMACKVTKQC,1
AP02470,GFMDTAKNVAKNVAKNVAVTLLDKLRCKVTGGC,1
AP01635,INWLKLGKKILGAL,1
AP02235,FLGMIPGLIGGLISAFK,1
AP03131,KTKLTEEEKNRLNFLKKISQRYQKFALPQYLKTVYQHQK,1
AP02547,DNGYLLDKYTGCKVWCVINNESCNSECKIRGGYYGYCYFWKLACFCQGARKSELWNYNTNKCNGKL,1
AP01992,IPCGESCVWIPCISGMFGCSCKDKVCYS,1
AP00078,GILLDKLKNFAKTAGKGVLQSLLNTASCKLSGQC,1
AP01215,FVPYNPPRPYQSKPFPSFPGHGPFNPKIQWPYPLPNPGH,1
AP02053,GLSQGVEPDIGQTYFEESRINQD,1
AP00996,ISLEICAIFHDN,1
AP02869,IVRVAVALRRIR,1
AP00692,GWFKKAWRKVKNAGRRVLKGVGIHYGVGLI,1
AP02072,MSNTQAERSIIGMIDMFHKYTRRDDKIDKPSLLTMMKENFPNFLSACDKKGTNYLADVFEKKDKNEDKKIDFSEFLSLLGDIATDYHKQSHGAAPCSGGSQ,1
AP02075,SNFDCCLGYTDRILHPKFIVGFTRQLANEGCDINAIIFHTKKKLSVCANPKQTWVKYIVRLLSKKVKNM,1
AP03043,MAAPRLTLSVFVLMLAFITLSEGLRGTGPKKCCFRFFESPVQKERVLSYIKTSQRCPQPAVLLKTVAGRQLCAKPSASWVKDLISYLDAKPGEVSN,1
AP00487,GFGSLFKFLAKKVAKTVAKQAAKQGAKYIANKQTE,1
AP02444,GWLDRIIGTAVDSVAEFGTTNIVDQICNTRVMPTIKKFELYFRGRVWCPGWTTIQGESLTRSRTRVVNKAVEDFARKAVAAGLMTQEDANPLLNA,1
AP01539,SILSGNFGVGKKIVCGLSGLC,1
AP02438,AYVLDEPKPIKDLEKSLQHNLVYCRRLVLEYFLKSIFEYH,1
AP03000,GSKRWRKFEKRVKKVFEHTKEALPVIQGVATVVGAVGRR,1
AP02159,FFGHLYRGITSVVKHVHGLLSG,1
AP01155,ESVFSKIGNAVGPAAYWILKGLGNMSDVNQADRINRKKH,1
AP02703,MKTFLRLYRSLINKVLHV,1
AP01940,FKTWKRPPFQTSCWGIIKE,1
AP00095,LLPIVGNLLKSLL,1
AP03106,MSLLQRSMVLVAAVFCLSAIYVSAEAEVDANCLGCMCEAATRCNASTACHNSGGGYFCGPFHISWAYWADAGKPVLLHDDPNRLGAFEDCAKDLYCSATVVRQYMKKFAKDCDGDGVVTCKDYVRLHKLGRQGCTVPLPQDRFTTQFEECAKRLNVY,1
AP02296,ILPIRSLIKKLL,1
AP02223,VIPIVSGLLSSLL,1
AP00766,IYWIADQFGIHLATGTARKLLDAMASGASLGTAFAAILGVTLPAWALAAAGALGATAA,1
AP02820,FFDEKCNKLKGTCKNNCGKNEELIALCQKSLKCCRTIQPSGSIID,1
AP02439,SCTTCVCTCSCCTT,1
AP00843,TKYYGNGVYCNSKKCWVDWGTAQGCIDVVIGQLGGGIPGKGKC,1
AP02440,QNCPTRRGLCVTSGLTACRNHCRSCHRGDVGCVRCSNAQCTGFLGTTCTCINPCPRC,1
AP01929,GIFALIKTAAKFVGKNLLKQAGKAGLEHLACKANNQC,1
AP02084,VGSEVSDKRTCVSLTTQRLPVSRIKTYTITEGSLRAVIFITKRGLKVCADPQATWVRDVVRSMDRKSNTRNNMIQTKPTGTQQSTNTAVTLTG,1
AP00671,EPNPNEFFGLM,1
AP02275,FITGLISGLMKAL,1
AP02788,RLNTTFRPLNFKMLRFWGQNRNIMKHRGQKVHFSLILSDCKTNKDCPKLRRANVRCRKSYCVPI,1
AP02242,TWATIGKTIVQSVKKCRTFTCGCSLGSCSNCN,1
AP01589,KDRPKKPGLCPPRPQKPCVKECKNDDSCPGQQKCCNYGCKDECRDPIFVG,1
AP00349,RWKVFKKIEKVGRHIRDGVIKAGPAITVVGQATAL,1
AP02423,KRFKKFFKKLKNSVKKRVKKFFRKPRVIGVTFPF,1
AP02028,KRKCPKTPFDNTPGAWFAHLILGC,1
AP02162,KIKIPWGKVKDFLVGGMKAV,1
AP00283,GIINTLQKYYCRVRGGRCAVLSCLPKEEQIGKCSTRGRKCCRRKK,1
AP00080,GIFSKLGRKKIKNLLISGLKNVGKEVGMDVVRTGIDIAGCKIKGEC,1
AP01702,MKTFSVAVAVAVVLAFICTQESSALPVTGIEELVEPVSSDNNDNHQGLPVELRERLVNIRKKRAPTDCIPYCYPTGDGFHCGVTCRF,1
AP02505,LTCNIDRSFCLAHCLLRGYKRGFCTVKKICVCRH,1
AP02494,FLFSLIPSVIAGLVSAIRN,1
AP01475,ECWMDGHCRLLCKDGEDSIIRCRNRKRCC,1
AP01743,GIGGALLSVGKLALKGLANVLADKFAN,1
AP00273,SIVPIRCRSNRDCRRFCGFRGGRCTYARQCLCGY,1
AP02911,WGRRWRIRIPRLPRPWPPRPKWPRSATINTDQ,1
AP00278,VFHLLGKIIHHVGNFVYGFSHVF,1
AP00524,GIGDPVTCLKSGAICHPVFCPRRYKQIGTCGLPGTKCCKKP,1
AP02168,TDHQMAQSACIGVSQDNAYASAIPRDCHGGKTCEGICADATATMDRYSDTGGPLSIARCVNAFHFYKRRGEENVSYKPFVVSWKYGVAGCFYTHCGPNFCCCIS,1
AP01267,RRTCHCRSRCLRRESNSGSCNINGRIFSLCCR,1
AP02205,MVFAYAPTCARCKSIGARYCGYGYLNRKGVSCDGQTTINSCEDCKRKFGRCSDGFITECFL,1
AP00684,RRLRPRRPRLPRPRPRPRPRPRSLPLPRPKPRPIPRPLPLPRPRPKPIPRPLPLPRPRPRRIPRPLPLPRPRPRPIPRPLPLPQPQPSPIPRPL,1
AP01910,SALVGCGTKSYPPKPCFGR,1
AP02875,LKRVWKRVFKLLKRYWRQLKKPVR,1
AP02015,NANSNFEGGPRNDRSSGARNSLGRNAPTHIYSDPSTVKCANAVFSGMIGGAIKGGPIGMARGTIGGAVVGQCLSDHGSGNGSGNRGSSSSCSGNNVGGTCNR,1
AP00724,GVCRCLCRRGVCRCLCRR,1
AP00088,GILDTLKQFAKGVGKDLVKGAAQGVLSTVSCKLAKTC,1
AP03094,RWRLVCFLCRRKKV,1
AP02563,KSTVGQKLKKKLNQAVDKVKEVLNKSEYMCPVVSSFCKQHCARLGKSGQCDLLECICS,1
AP00211,RRWCFRVCYRGFCYRKCR,1
AP01762,SPPNQPSIMTFDYAKTNK,1
AP01720,RPRPNYRPRPIYRP,1
AP02734,FFGRLKSMWRGARGGLKAYKYQKDMAKMNKRYGPNWQQGGGQEPPADAQANDQPP,1
AP00632,KYYGNGVSCNKNGCTVDWSKAIGIIGNNAAANLTTGGAAGWNKG,1
AP01639,INWKKIAEIGKQVLSAL,1
AP01625,LQDAALGWGRRCPQCPRCPSCPSCPRCPRCPRCKCNPK,1
AP02409,AIFIFIRWLLKLGHHGRAPP,1
AP01614,WRSLGRTLLRLSHALKPLARRSGW,1
AP02355,INWKGIAAMAKKLL,1
AP02546,KDGYLVGNDGCKYSCFTRPGTYCANECSRVKGKDGYCYAWMACYCYSMPNWVKTWNRATNRCGR,1
AP02281,GVLDTLKNVAIGVAKGAGTGVLKALLCQLDKSC,1
AP00352,GLFDIIKKVASVVGGL,1
AP00291,MFFSSKKCKTVSKTFRGPCVRNAN,1
AP01142,KPYCSCKWRCGIGEEEKGICHKFPIVTYVCCRRP,1
AP02655,KGSSSSSSSSRSSSSSYRSSGSSYRSPGSSYRSSGSYGTSGSRLSGIRPSSRSYRTGFRTAGSVGPATRPFTRPTGPLKPISRPPSRAACYSCYSASSATAIQCCTHYSLCCNLVKG,1
AP01578,GIHDILKYGKPS,1
AP02466,SILSTLKDVGISAIKNAGSGVLKTLLCKLNKNCEK,1
AP01131,MSWLNFLKYIAKYGKKAVSAAWKYKGKVLEWLNVGPTLEWVWQKLKKIAGL,1
AP01754,GGYYCPFFQDKCHRHCRSFGRKAGYCGGFLKKTCICV,1
AP00998,ALQFIQNTASGALYYNTKTHKYQYQQTSGAMGAAINVFNQQGINW,1
AP02011,GLFDVIKKVASVIGLASP,1
AP01379,ILENLLARSTNEDREGSIFDTGPIRRPKPRPRPRPEG,1
AP02478,QSHISLCRWCCNCCKANKGCGFCCKF,1
AP02150,YEALVTSILGKLTGLWHNDSVDFMGHICYFRRRPKIRRFKLYHEGKFWCPGWAPFEGRCKYCVVF,1
AP02309,LKLSPKTKDTLKKVLKGAIKGAIAIASMA,1
AP00664,FLPAIAGILSQLF,1
AP01419,GIFSKFGGKAIKNLFIKGAKNIGKEVGMDVIRTGIDVAGCKIKGEC,1
AP02752,QSWHGGRPGGFPGGGRPGGFPGGGRPGGRPGGFPSVTAPPASCRRWCETPENAFYCCESRYEPEAPVGTKILDCPKVRDTCPPVRFLAVEQPVPCSSDYKCGGLDKCCFDRCLGQHVCKPPSFYEFFA,1
AP02853,RTCESQSHRFKGPCARKANCASVCNTEGFPDGYCHGVRRRCMCTKPCP,1
AP00184,RSGRGECRRQCLRRHEGQPWETQECMRRCRRRG,1
AP00380,GLKDWVKIAGGWLKKKGPGILKAAMAAATQ,1
AP00847,KYYGNGLSCNKSGCSVDWSKAISIIGNNAVANLTTGGAAGWKS,1
AP00198,MRILYLLFSVLFLVLQVSPGLSLPQRDMFLCRIGSCHFGRCPIHLVRVGSCFGFRSCCKSPWDV,1
AP02373,RRRRRRPPCEDVNGQCQPRGNPCLRLRGACPRGSRCCMPTVAAH,1
AP01613,LPRDTSRCVGYHGYCIRSKVCPKPFAAFGTCSWRQKTCCVDTTSDFHTCQDKGGHCVSPKIRCLEEQLGLCPLKRWTCCKEI,1
AP00108,FLPFLATLLSKVL,1
AP00507,GLLSKVLGVGKKVLCGVSGLC,1
AP00824,SILPTIVSFLSKFL,1
AP02966,TRSRWRRFIRGAGRFARRYGWRIALGLVG,1
AP03088,WKSESVCTPGCVTGILQTCFLQSITCNCRLSK,1
AP01925,GLLDAIKDTAQNLFANVLDKIKCKFTKC,1
AP00224,CSCRTSSCRFGERLSGACRLNGRIYRLCC,1
AP02043,AVPLAVPLVYMGASVSPAVWNWLLVTFGAAAVAAAAVTVSDNDSHSCANNRGWCRSRCFSHEYIDSWHSDVCGSYDCCRPRY,1
AP00058,GIGTKILGGVKTALKGALKELASTYAN,1
AP01174,KVSGGEAVAAIGICATASAAIGGLAGATLVTPYCVGTWGLIRSH,1
AP03076,KLTFIQSTAAGDLYYNTNTHKYVYQQTQNAFGAAANTIVNGWMGGAAGGFGLHH,1
AP00413,SLQGGAPNFPQPSQQNGGWQVSPDLGRDDKGNTRGQIEIQNKGKDHDFNAGWGKVIRGPNKAKPTWHVGGTYRR,1
AP01004,DWTAWSALVAAACSVELL,1
AP00005,VFIDILDKVENAIHNAAQVGIGFAKPFEKLINPK,1
AP01182,FTPSVSFSQNGGVVEAAAQRGYIYKKYPKGAKVPNKVKMLVNIRGKQTMRTCYLMSWTASSRTAKYYYYI,1
AP00808,CRFCCRCCPRMRGCGLCCRF,1
AP00669,EPHPNEFVGLM,1
AP02480,MTPLWRIMNSKPFGAYCQNNYECSTGLCRAGHCSTSHRATSETVNY,1
AP03020,GSGSRQSPSYGR,1
AP02981,FKFGSFIKRMWRSKLAKKLRAKGKELLRDYANRVLSPEEEAAAPAPYPA,1
AP03062,FLGSIIGALAKGLPSLIALIKK,1
AP02412,KLKNFAKGVAQSLLNKASCKLSGQC,1
AP02997,FFFHIIKGLFHAGRMIHGLVNRRRHRH,1
AP01905,GFGSLLGKALKIGTNLL,1
AP02370,FCKSLPLPLSVK,1
AP02474,GILDTLKQLGKAAAQSLLSKAACKLAKTC,1
AP01253,GLMSLFKGVLKTAGKHIFKNVGGSLLDQAKCKITGEC,1
AP00817,FLPLLASLFSRLL,1
AP02155,LLEDGTTEILDHVCNFRVMPRLRSWELYFRGDVWCPGWTVIKGESLTRSRTRVVNKAVADFAQKALAQGLITQEDAQPLLE,1
AP00807,NRWYCNSAAGGVGGAAGCVLAGYVGEAKENIAGEVRKGWGMAGGFTHNKACKSFPGSGWASG,1
AP02295,GMATKAGTAFGKAAKAIIGAAL,1
AP03139,AAVTRRILCWFA,1
AP00850,KYYGNGVSCNSHGCSVNWGQAWTCGVNHLANGGHGVC,1
AP00916,AGCIKNGGRCNASAGPPYCCSSYCFQIAGQSYGVCKNR,1
AP03058,AIPKCCVGTSRNIPLSILMRVERYDVQHNHGACEIDAVVLHANGRKYCADPRVKKVLGVAMQIRKAQLMREKLNSIMRR,1
AP00074,FLPVLAGIAAKVVPALFCKITKKC,1
AP01796,ASFPWSCPSLSGVCRKVCLPTELFFGPLGCGKGFLCGVSHFL,1
AP00451,DHYNCVSSGGQCLYSACPIFTKIQGTCYRGKAKCCK,1
AP02021,FFPIVGKRLYGLL,1
AP02801,ASVVKTTIKASKKLCKGATLTCGCNITGKK,1
AP02374,GLVGTLLGHIGKAILG,1
AP00133,GGLKKLGKKLEGVGKRVFKASEKALPVLTGYKAIG,1
AP02930,HLRRINKLLTRIGLYRHAFG,1
AP00791,GWKKWLRKGAKHLGQAAIKGLAS,1
AP03102,KKCWNGGRCRKKCKENEKPIGYCRNGKKCCVN,1
AP01250,GALRGCWTKSYPPKPCK,1
AP00195,RGGRLCYCRRRFCVCVGR,1
AP02814,MAGGKAGKDSGKAKAKAVSRSARAGLQFPVGRIHRHLK,1
AP02228,RKGWFKAMKSIAKFIAKEKLKEHL,1
AP01797,GLWNSIKIAGKKLFVNVLDKIRCKVAGGCKTSPDVE,1
AP00321,GIIDIAKKLVGGIRNVLGI,1
AP00518,QYRHRCCAWGPGRKYCKRWC,1
AP00652,GIMDTVKNVAKNLAGQLLDKLKCKITAC,1
AP02087,GPASVPTTCCFNLANRKIPLQRLESYRRITSGKCPQKAVIFKTKLAKDICADPKKKWVQDSMKYLDQKSPTPKP,1
AP02996,FIFHIIKGLFHAGKMIHGLVTRRRH,1
AP01763,SPPSEQLGKSFNF,1
AP02520,LGSCVANKIKDEFFAMISISAIVKAAQKKAWKELAVTVLRFAKANGLKTNAIIVAGQLALWAVQCGLS,1
AP00101,FVQWFSKFLGRIL,1
AP00222,VTCYCRRTRCGFRERLSGACGYRGRIYRLCCR,1
AP02631,FLGMLLHGVGHAIHGLIHGKQNVE,1
AP00425,GCWSTVLGGLKKFAKGGLEAIVNPK,1
AP01408,KQEGRDHDKSKGHFHMIVIHHKGGQAHHG,1
AP00512,GYHGGHGGHGGGYNGGGGHGGHGGGYNGGGHHGGGGHG,1
AP01295,GFMDTAKNVAKNVAVTLIDNLKCKITKAC,1
AP00073,FLPLLAGLAANFLPKIFCKITRKC,1
AP01550,SAVGRHGRRFGLRKHRKH,1
AP02054,FLPFVGNLLKGLL,1
AP00795,ILGPILGLVSNALGGLL,1
AP02614,FLPAVLRVAAKVGPAVFCAITQKC,1
AP03060,GGVGKIIEYFIGGGVGRYG,1
AP00443,ACYCRIPACLAGERRYGTCFYMGRVWAFCC,1
AP01822,FLPAVIRVAANVLPTAFCAISKKC,1
AP01196,GETDPNTQLLNDLGNNMAWGAALGAPGGLGSAALGAAGGALQTVGQGLIDHGPVNVFIPVLIGPSWNGSGSGYNSATSSSGSGS,1
AP01423,FLPAVLRVAAKIVPTVFCAISKKC,1
AP00255,GLWEKIKEKANELVSGIVEGVK,1
AP00514,FLGGLMKAFPALICAVTKKC,1
AP01644,GAFGNFLKGVAKKAGLKILSIAQCKLSGTC,1
AP03110,QFGGSDCIHWCRTPENQVYCCKDTHDPIPASPVAVVNPGRCPPIRGQCPNVRVFRPPTTCSSDSDCSYNNKCCFDRCLEEHVCKPTTGGFGGHGGHGGHGGHGGFGGVFGR,1
AP02714,GFLDVIKHVGKAALGVVTHLINQ,1
AP02524,GDCGGTCTWTKDCSICPSWSCWSWSC,1
AP02842,FLSGLIGGLAKMLGK,1
AP01620,VDKPPYLPRPPPPRRIYNNR,1
AP01450,FFGAIAAALPHVISAIKNAL,1
AP01260,IIGHLIKTALGMLGL,1
AP00325,GVIDAAKKVVNVLKNLF,1
AP01555,TCRYWCKTPENQTYCCEDEREIPSKVGLKPGKCPPVRPVCPPTRGFFEPPKTCSNDGSCYGADKCCFDRCLGEHVCKPIQTRG,1
AP02167,APAKCTPYCYPTHDGVFCGVRCDFQ,1
AP03093,RPILIRVRRIRVI,1
AP00876,FLSIIAKVLGSLF,1
AP02581,LQSNININTAAAVILIFNQVQVGALCAPTPVSGGGPVP,1
AP02255,GQALNKLMPKIVSAIIYMVGQPNAGVTFLGHQCLVESTRQPDGFYTAKMSCASWTHDNPIVGEGRSRVELEALKGSITNFVQTASNYKKFTIDEVEDWIASY,1
AP03155,SNVYRPPPYRPVYRPLRRPGYRPGK,1
AP02459,FLPLLVGAISSILPKIF,1
AP01640,INWLKLGKMVIDAL,1
AP01421,GLLDSLKNLAINAAKGAGQSVLNTLSCKLSKTC,1
AP01860,ATNIPFKVHFRCKAAFC,1
AP01877,GIFLKVLGVGKKVLCGVSGLC,1
AP02684,WNPFKKIAHRHCYPKNECITTNGKKTCKDYSCCQIVLFGKKTRSACTVVAQ,1
AP00533,GVVDILKGAAKDIAGHLASKVMNKL,1
AP00792,FLGLLFHGVHHVGKWIHGLIHGHH,1
AP00390,FWGALIKGAAKLIPSVVGLFKKKQ,1
AP02285,KLGFENFLVKALKTVMHVPTSPLL,1
AP02893,IVPFLLGMVPKLVCLITKKC,1
AP01919,FTLKKSQLLLFFLGTINFSLCEEERNAEEERRDYPEEKDVEVEKR,1
AP02371,GHLGRPYIGGGGGFNRGGGFHRGGGFHRGGGFHSGGGFHRGGGFHSGGSFGYR,1
AP01471,RPKPQQFFGLM,1
AP00892,PDITKLNIKKLTKATCKVISKGASMCKVLFDKKKQE,1
AP00374,GKVWDWIKSTAKKLWNSEPVKELKNTALNAAKNLVAEKIGATPS,1
AP00784,FFRLLFHGVHHVGKIKPRA,1
AP02519,MFAMKTKAALAIWCPGYSETQINATQAMKKRRKRKVTTNKCLEQVSQLQGLWRRFNRPLLKQQ,1
AP01011,GLFGKLIKKFGRKAISYAVKKARGKH,1
AP02961,RSQPGPTCPSSVQAILCDNRCGRSACSYYIERCACCAKCNRIPYYGASNHP,1
AP02081,FPMFKRGRCLCIGPGVKAVKVADIEKASIMYPSNNCDKIEVIITLKENKGQRCLNPKSKQARLIIKKVERKNF,1
AP02262,FLGGLLASLLGKI,1
AP01305,FLPPSPWKETFRTS,1
AP01240,ALKAALLAILKIVRVIKK,1
AP03129,VAEARQGSFSY,1
AP00071,FLPAIFRMAAKVVPTIICSITKKC,1
AP00368,GLFRRLRDSIRRGQQKILEKARRIGERIKDIFRG,1
AP03107,DDTRGGFHGGGFGRPGRPGRPGSGILDTIVDGLTGSIHGGQGGIHGGIHGGGHGGHGGVVHGRQCGVNVPTHITTGCKLFTRNLYGQYVCDRNQKPAFRCPPLRAECPLATRFGPPIQCTLDTDCPGISDKCCCDACLDHPVCKPSA,1
AP02944,MRILSIIRWTRMKKSSA,1
AP01557,DHHHDHGHDDHEHEELTLEKIKEKIKDYADKTPVDQLTERVQAGRDYLLGKGARPSHLPARVDRHLSKLTAAEKQELADYLLTFLH,1
AP02237,FFRLLFHGVHHGGGYLNAA,1
AP01887,GFMDTAKNVAKNMAGNLLDNLKCKITKAC,1
AP01169,NRWGDTVLSAASGAGTGIKACKSFGPWGMAICGVGGAAIGGYFGYTHN,1
AP00890,IDWKKVDWKKVSKKTCKVMLKACKFLG,1
AP03086,MLVNFILRCGLLLVTLSLAIAKHKQSSFTKSCYPRGTLSQAVDALYIKAAWLKATIPEDRIKNIRLLKKKTKKQFMKNCQFQEQLLSFFMEDVFGQLQLQGCKKIRFVEDFHSLRQKLSHCISCASSAREMKSITRMKRIFYRIGNKGIYKAISELDILLSWIKKLLESSQ,1
AP01916,GTRCGETCFVLPCWSAKFGCYCQKGFCYRN,1
AP01193,DIDITGCSACKYAAGQVCTIGCSAAGGFICGLLGITIPVAGLSCLGFVEIVCTVADEYSGCGDAVAKEACNRAGLC,1
AP02683,WGHKLRSSWNKVKHAVKKGAGYASGACRVLGH,1
AP02051,AISCGQVSSAIGPCLSYARGQGSAPSAGCC,1
AP00496,AKKVFKRLEKLFSKIQNDK,1
AP03140,VALTGLTVAEYFR,1
AP02163,GFFGNTWKKIKGKADKIMLKKAVKIMVKKEGISKEEAQAKVDAMSKKQIRLYLLKYYGKKALQKASEKL,1
AP02173,QLPICGETCVLGGCYTPNCRCQYPICVR,1
AP00113,GLLSGLKKVGKHVAKNVAVSLMDSLKCKISGDC,1
AP02116,FFPTIAGLTKLFCAITKKC,1
AP00357,FFPIGVFCKIFKTC,1
AP01606,GLGKAQCAALWLQCASGGTIGCGGGAVACQNYRQFCR,1
AP02937,QVRWWGRYWRRKWATCR,1
AP02779,GKGSWSKKIEVIA,1
AP01601,YVPPVQKPHPNGPKFPTFP,1
AP02917,KCNTATCVTQRLADFLVRSSNTIGTVYAPTNVGAAAY,1
AP01647,RCTCTTIISSSSTF,1
AP00704,GLLGSIGKVLGGYLAEKLKPK,1
AP01978,FIGAIARLLSKIF,1
AP00172,GKPRPYSPRPTSHPRPIRV,1
AP01286,RFIPPILRPPVRPPFRPPFRPPFRPPPIIRFFGG,1
AP00128,KWKIFKKIEKVGRNIRNGIIKAGPAVAVLGEAKAL,1
AP01559,ATYDGKCYKKDNICKYKAQSGKTAICKCYVKVCPRDGAKCEFDSYKGKCYC,1
AP00694,AIGSILGALAKGLPTLISWIKNR,1
AP02323,KRKKHRCRVYNNGMPTGMYRWC,1
AP01779,GFMDTAKNVAKNVAVTLIDKLRCKVTGGC,1
AP02784,FFSALLSGIKSLF,1
AP03031,GLFSKKGGKGGKSWIKGVFKGIKGIGKEVGGDVIRTGIEIAACKIKGEC,1
AP02918,RLLGNCLTVVMAAKLGTAFSPEIQCAWQK,1
AP01274,GLMDTVKNAAKNLAGQLLDTIKCKMTGC,1
AP01205,STPVLASVAVSMELLPTASVLYSDVAGCFKYSAKHHC,1
AP00633,KYYGNGVHCGKHSCTVDWGTAIGNIGNNAAANWATGGNAGWNK,1
AP00566,GLFDVVKGVLKGVGKNVAGSLLEQLKCKLSGGC,1
AP00806,HHQELCTKGDDALVTELECIRLRISPETNAAFDNAVQQLNCLNRACAYRKMCATNNLEQAMSVYFTNEQIKEIHDAATACDPEAHHEHDH,1
AP01729,GSQLVYREWVGHSNVIKGPP,1
AP00781,FLGALIKGAIHGGRFIHGMIQNHH,1
AP03154,SNGYRPAYRPAYRPSYRPGK,1
AP02512,AGFRKRFNKLVKKVKHTIKETANVSKDVAIVAGSGVAVGAAMG,1
AP01778,DSMGAVKLAKLLIDKMKCEVTKAC,1
AP01263,FLPLVTMLLGKLF,1
AP02653,QSHLSMCRYCCNCCRNNKGCGFCCKF,1
AP00068,IKIMDILAKLGKVLAHV,1
AP01479,YRQSMNNFQGLRSFGCRFGTCTVQKLAHQIYQFTDKDKDNVAPRSKISPQGY,1
AP02400,FAVWGCADYRGYCRAACFAFEYSLGPKGCTEGYVCCVPNTF,1
AP01963,ACQCPDAISGWTHTDYQCHGLENKMYRHVYAICMNGTQVYCRTEWGSSC,1
AP01979,VAKCTEESGGKYFVFCCYKPTRICYMNEQKCESTCIGK,1
AP02389,GKGLEVIKWKLKHVIQL,1
AP00014,GLLDIVKKVVGAFGSL,1
AP00738,GLVTGLLKTAGKLLGDLFGSLTG,1
AP00294,DVQCGEGHFCHDQTCCRASQGGACCPYSQGVCCADQRHCCPVGF,1
AP01942,DCTRWIIGINGRICRD,1
AP03165,GIKEMLCNMACAQTVCKKSGGPLCDTCQAACKALG,1
AP00170,VDKGSYLPRPTPPRPIYNRN,1
AP00090,FLPLLAGLAANFLPTIICKISYKC,1
AP02537,RRSKVRICSRGKNCVSRPGGGSFNDEFIRDHSDGNRFA,1
AP03103,WGCVCSGSTAVANSHNAGPAYCVGYCGNNGVVTRNANANVAKTA,1
AP02793,AKKPVAKKAAGGVKKPKK,1
AP01264,RIGVLLARLPKLFSLFKLMGKKV,1
AP02488,GILDPIKAFAKAAG,1
AP01148,IATQCRIRGGFCRVGSCRFPHIAIGKCATFISCCGRAY,1
AP02675,GIMSSLMKKLAAHIAK,1
AP00332,GCASRCKAKCAGRRCKGWASASFRGRCYCKCFRC,1
AP01326,SKGKKANKDVELARG,1
AP02501,GWLKKIGKKIERVGQHTRDASIQAIGIAQQAANVAATARG,1
AP00201,INLKALAALAKKIL,1
AP02713,GFLDIVKGVGKVALGAVSKLF,1
AP02609,FFPLIAGLAARFLPKIFCSITKRC,1
AP02682,GWWRRTVDKVRNAGRKVAGFASKACGALGH,1
AP00498,GLVRKGGEKFGEKLRKIGQKIKEFFQKLALEIEQ,1
AP02988,RRFRRTVGLSKFFRKARKKLGKGLQKIKNVLRKYLPRPQYAYA,1
AP00611,FIGPIISALASLFG,1
AP01602,LVLKYCPKIGYCSNTCSKTQIWATSHGCKMYCCLPASWKWK,1
AP01206,CTFTLPGGGGVCTLTSECIC,1
AP02536,RRSKVRICSRGKNCVSRPGGGSVIGRPGGGSPPGGGSFNDEFIRDHSDGNRFA,1
AP01283,MRKEFHNVLSSGQLLADKRPARDYNRK,1
AP00915,QQCGRQAGNRRCANNLCCSQYGYCGRTNEYCCTSQGCQSQCRRCG,1
AP00383,LLKELWTKMKGAGKAVLGKIKGLL,1
AP02141,LLRHVVKILEKYL,1
AP01727,NFLDTLINLAKKFI,1
AP00823,SILPTIVSFLSKVF,1
AP00097,VLPIIGNLLNSLL,1
AP02283,SLFGTFAKMALKGASKLIPHLLPSRQQ,1
AP02699,ASITHVKNRGKYIYMHLKFRKTNVLI,1
AP01958,GLPRKILCAIAKKKGKCKGPLKLVCKC,1
AP00264,GRKSDCFRKSGFCAFLKCPSLTLISGKCSRFYLCCKRIR,1
AP00099,FFPVIGRILNGIL,1
AP00554,GKIPVKAIKKAGAAIGKGLRAINIASTAHDVYSFFKPKHKKK,1
AP01167,LTTKLWSSWGYYLGKKARWNLKHPYVQF,1
AP00317,GFVDLAKKVVGGIRNALGI,1
AP02061,FLSTLLNVASNVVPTLICKITKKC,1
AP02229,GKCSVLKKVACAAAIAGAVAACGGIDLPCVLAALKAAEGCASCFCEDHCHGVCKDLHLC,1
AP02460,FLPLLFGALSTLLPKIF,1
AP00863,FLPIVGKLLSGLSGLL,1
AP02089,ARGTNVGRECCLEYFKGAIPLRKLKTWYQTSEDCSRDAIVFVTVQGRAICSDPNNKRVKNAVKYLQSLERS,1
AP02348,TTPLCVGVIIGLTTSIKICK,1
AP00270,QQCGRQASGRLCGNRLCCSQWGYCGSTASYCGAGCQSQCRS,1
AP02277,GAFGDLLKGVAKEAGLKLLNMAQCKLSGNC,1
AP00220,RGGRLCYCRGWICFCVGR,1
AP00351,GLFDVIKKVASVIGGL,1
AP02960,RSPPQCQYTNCAAVLCPAVYCANAYTPPCGCCDICPPQKYGGGYRPR,1
AP02570,GKIIKLKASLKLL,1
AP00605,ILPILSLIGGLLGK,1
AP00412,SLQPGAPNVNNKDQPWQVSPHISRDDSGNTRTDINVQRHGENNDFEAGWSKVVRGPNKAKPTWHIGGTHRW,1
AP02151,YEALVTSILGKLTGLWHNDSVDFMGHICYFRRRPKIRRFKLYHEGKFWCPGWAPFEGRSRTKSRSGSSREATKDFVRKALQNGLVTQQDASLWLN,1
AP01402,GVVDILKGAGKDLLAHALSKLSEKV,1
AP02511,HHHLFGHVGHEVERSLHKVGHKLEHACHEVHKTAKKVQK,1
AP01801,RTKRRIKLIKNGVKKVKDILKNNNIIILPGSNEK,1
AP02166,LVPLFLSKLICFITKKC,1
AP01231,GGAPATSANAAGAAAIVGALAGIPGGPLGVVVGAVSAGLTTGIGSTVGSGSASSSAGGGS,1
AP02936,SIKILKIYFIQGKRHWSF,1
AP00144,GIGKFLHSAKKFGKAFVGEIMNS,1
AP00314,VFCTCRGFLCGSGERASGSCTINGVRHTLCCRR,1
AP02317,ITIPPIVKNTLKKFIKGAVSALMS,1
AP02766,KVYDRCEFARILKKSGMDGYRGVSLANWVCLAKWESDFNTKAINHNVGSTDYGIFQINSRYWCNDGKTPKAVNACHISCKVLLDDDLSQDIECAKRVVRDPLGVKAWVAWRAHCQNKDVSQYIRGCKL,1
AP01234,FSKYERQKDKRPYSERKNQYTGPQFLYPPERIPPQKVIKWNEEGLPIYEIPGEGGHAEPAAA,1
AP00898,FLSGIVGMLGKLF,1
AP00659,FLPIASLLGKYL,1
AP02747,DKGRRRSKFVLHRRQCAN,1
AP02629,KRFWQLVPLAIKIYRAWKRR,1
AP00991,GSNFCDSKCKLRCSKAGLADRCLKYCGICCEECKCVPSGTYGNKHECPCYRDKKNSKGKSKCP,1
AP00216,ATCDLLSGTGINHSACAAHCLLRGNRGGYCNGKGVCVCRN,1
AP02462,FLPGLIKAAVGIGSTIFCKISKKC,1
AP00662,GLFSILRGAAKFASKGLGKDLTKLGVDLVACKISKQC,1
AP00160,ALWMTLLKKVLKAAAKAALNAVLVGANA,1
AP01189,APAGLVAKFGRPIVKKYYKQIMQFIGEGSAINKIIPWIARMWRT,1
AP01921,ILPIIGKILSTIF,1
AP00038,QGVRNHVTCRINRGFCVPIRCPGRTRQIGTCFGPRIKCCRSW,1
AP01331,IFGAILPLALGALKNLIK,1
AP02704,VGRKHSILNCIPYLKKKKIMRL,1
AP00166,GWGSFFKKAAHVGKHVGKAALTHYL,1
AP00682,RRLRPRHQHFPSERPWPKPLPLPLPRPGPRPWPKPLPLPLPRPGLRPWPKPL,1
AP03111,FLKAIKKFGKEFKKIGAKLK,1
AP00545,GVLDILKNAAKNILAHAAEQI,1
AP01650,YKQCHKKGGHCFPKEKICLPPSSDFGKMDCRWRWKCCKKGSG,1
AP02891,NLLNDALGTVNGLLGRS,1
AP00019,GLFDIAKKVIGVIGSL,1
AP01351,GLWSTIKNVGKEAAIAAGKAALGALGEQ,1
AP03018,MKPQSILVLLVLAVLALHCKENEAASFPWTCASLSGVCRQGVCLPSELYFGSLGCGKGFLCCVSHFG,1
AP02395,DWTFANWSCLVCDDCSVNLTV,1
AP02135,FIHHIIGGLFSAGKAIHRLIRRRRR,1
AP02809,MARTKQTARKSTGGKAPRKQLATKAARKSAPATGGVKKPHRYRPGTVALREIRRYQKSTELLIRKLPFQRLVREIAQDFKTDLRFQSSAVMALQEACEAYLVGLFEDTNLCAIHAKRVTIMPKDIQLARRIRGERA,1
AP02950,SRATWARVRRLGLYG,1
AP01953,FALGAVTKLLPSLLCMITRKC,1
AP01472,QLYENKPRRPYIL,1
AP01321,APGNKAECEREKGYCGFLKCSFPFVVSGKCSRFFFCCKNIW,1
AP00557,RVKRVWPLVIRTVIAGYNLYRAIKKK,1
AP02945,VGVKRRLKCLLSLRS,1
AP00207,TAGPAIRASVKQCQKTLKATRLFTVSCKGKNGCK,1
AP02912,GFGCPFNARRCHRHCRSIRRRAGYCAGRLRLTCTCVR,1
AP02117,VLSIVACSSGCGSGKTAASCVETCGNRCFTNVGSLC,1
AP02260,RILTMTKRVKMPQLYKQIVCRLFKTC,1
AP02709,TLISWIKNKRKQRPRVSRRRRRRGGRRRR,1
AP02715,GFLDVVKHIGKAALGAVTHLINQ,1
AP01377,FFRHLFRGAKAIFRGARQGWRAHKVVSRYRNRDVPETDNNQEEP,1
AP01514,GVNMYIRQIYDTCWKLKGHCRNVCGKKEIFHIFCGTQFLCCIERKEMPVLFVK,1
AP00603,FLPLLLAGLPKLLCLFFKKC,1
AP02215,FLSTIWNGIKSLL,1
AP00050,GIGASILSAGKSALKGLAKGLAEHFAN,1
AP03095,GFIVKRFKILV,1
AP03150,SRSFFSFLGEAFDGARDMWRAYSDMREANYIGSDKYFHARGNYDAAKRGPGGAWAAEVISNARENIQRLTGRGAEDSLADQAANKWGRSGRDPNHFRPAGLPEKY,1
AP02195,ELTEAQRRGLQVALEEFHKHPPVQWAFQETSVESAVDTPFPAGIFVRLEFKLQQTSCRKRDWKKPECKVRPNGRKRKCLACIKLGSEDKVLGRLVHCPIETQVLREAEEHQETQCLRVQRAGEDPHSFYFPGQFAFS,1
AP00343,VFIDILDKMENAIHKAAQAGIGIAKPIEKMILPK,1
AP01610,CSTNTFSLSDYWGNKGNWCTATHECMSWCK,1
AP00271,RFRPPIRRPPIRPPFNPPFRPPVRPPFRPPFRPPFRPPIGPFP,1
AP01343,TESYFVFSVGM,1
AP00722,GLLNGLALRLGKRALKKIIKRLCR,1
AP01890,GFMATAKNVAKNMDVTLLDNLKCKITKAC,1
AP01195,KRGSGWIATITDDCPNSVFVCC,1
AP00142,GLKKLLGKLLKKLGKLLLK,1
AP00162,GLWNKIKEAASKAAGKAALGFVNEMV,1
AP01277,KSCCPNTTGRNIYNACRLTGAPRPTCAKLSGCKIISGSTCPSDYPK,1
AP00208,RADTQTYQPYNKDWIKEKIYVLLRRQAQQAGK,1
AP01049,GLPVCGETCFGGTCNTPGCSCTWPICTRD,1
AP00522,INWLKLGKAIIDAL,1
AP03027,GFWSSVWDGAKNVGTAIIKNAKVCVYAVCVSHK,1
AP02266,GFWDSVKEGLKNAAVTILNKIKCKISECPPA,1
AP02396,LASTLGISTAAAKKAIDIIDAASTIASIISLIGIVTGAGAISYAIVATAKTMIKKYGKKYAAAW,1
AP02636,QEFYGNCCLGHVKPMKIKGKRIESYRMQETDGDCHISAVVFLIKKKPSHVKQKTICANPQEAWVQELMAAVDSRNPKN,1
AP03141,ITSKSLCTPGCKTGALQTCFAKTATCHCSGHVHTK,1
AP02783,ISQSDAILSAIWSGIKSLF,1
AP02291,GVWSTILGGLKKFAKGGLDAIVNPK,1
AP02808,MPEPAKSAPAPKKGSKKAVTKAQKKDGKKRKRSRKESYSVYVYKVLKQVHPDTGISSKAMGIMNSFVNDIFERIAGEASRLAHYNKRSTITSREIQTAVRLLLPGELAKHAVSEGTKAVTKYTSSK,1
AP02914,MKFKFNPTGTIVKKLTQYEIAWFKNKHGYYPWEIPRC,1
AP01914,AAFRGCWTKNYSPKPCL,1
AP02797,KKSCHTGLKKSAGWVIPIGTLVKNGIIVR,1
AP00176,ACYCRIPACIAGERRYGTCIYQGRLWAFCC,1
AP00842,TKYYGNGVYCNSKKCWVDWGQASGCIGQTVVGGWLGGAIPGKC,1
AP00990,RNCESLSHRFKGPCTRDSN,1
AP02351,QKIAEKFSGTRRG,1
AP02391,FSLFFPYAALKWLRKLLKK,1
AP02632,NPFKKLERVGQHIRDGIIKAGPAVEVIGQANSIARPAGK,1
AP01552,QIVDCWETWSRCTKWSQGGTGTLWKSCNDRCKELGRKRGQCEEKPSRCPLSKKAWTCICY,1
AP00815,GLGSFLKNAIKIAGKVGSTIGKVADAIGNKE,1
AP00502,FLRFIGSVIHGIGHLVHHIGVAL,1
AP00529,WKSESVCTPGCVTGVLQTCFLQTITCNCHISK,1
AP00111,FLPILINLIHKGLL,1
AP00818,FLPLIGKILGTIL,1
AP01968,IKIPPIVKDTLKKVAKGVLSTIAGALST,1
AP01347,FIITGLVRGLTKLF,1
AP00397,SGFVLKGYTKTSQ,1
AP00660,FWGALAKGALKLIPSLFSSFSKKD,1
AP01530,GSCSCSGTISPYGLRTCRATKTKPSHPTTKETHPQTLPT,1
AP00116,GFLDIINKLGKTFAGHMLDKIKCTIGTCPPSP,1
AP01444,FLSAITSILGKFF,1
AP02244,FQSHSLPTPADERNLLQQIDCGTSCSARCRLSSRPRLCKRACGTCCARCNCVPSGTAGNLDECPCYANMTTHGNKRKCP,1
AP00789,GFWGKLFKLGLHGIGLLHLHL,1
AP02006,GLLDALSGILGL,1
AP00004,NLCERASLTWTGNCGNTGHCDTQCRNWESAKHGACHKRGNWKCFCYFDC,1
AP03048,GLLSGILGAGKKIVF,1
AP01902,GFGSFLGKALKAALKIGANVLGGAPQQ,1
AP03138,TTWACATVTLTVTVCSPTGTLCGSCSMGTRGCC,1
AP00972,FLSLIPHAINAVGVHAKHF,1
AP00121,GLMDTVKNVAKNLAGHMLDKLKCKITGC,1
AP02172,FFGSLLSLGSKLLPSVFKLFQRKKE,1
AP02417,MKFFTLLAALMALFAICNNFSMVSASRDSRPVQPRVQPPPPPPKQKPSIYDTPIRRPGGQKTMYA,1
AP01202,KGGSGVIHTISHEVIYNSWNFVFTCCS,1
AP01382,QKKCPGRCTLKCGKHERPTLPYNCGKYICCVPVKVK,1
AP01957,GTGLPMSERRKIMLMMR,1
AP01969,GPVGLLSSPGSLPPVGGAP,1
AP02226,FCHLCEDLIKDGKEAGDVALDVWLDEEIGSRCKDFGVLASECFKELKVAEHDIWEAIDQEIPEDKTCKEAKLC,1
AP00840,KGIGSALKKGGKIIKGGLGALGAIGTGQQVYEHVQNRQ,1
AP02272,FFPFLLGALGSLLPKIF,1
AP00895,KRFKKFFKKLKNSVKKRAKKFFKKPRVIGVSIPF,1
AP02185,GPVSAVLTELRCTCLRVTLRVNPKTIGKLQVFPAGPQCSKVEVVASLKNGKQVCLDPEAPFLKKVIQKILDSGNKKN,1
AP02164,ASSGWVCTLTIECGTVICACR,1
AP02178,LRVRRTLQCSCRRVCRNTCSCIRLSRSTYAS,1
AP00655,GIMDSVKNVAKNIAGQLLDKLKCKITGC,1
AP03099,NVIGDCWDDWSRCTRQTDWFTNIFWQSCQNRCKCKGQPGGNCIEVPSKCFLWKDKRWMCDCYGPTSGSKPWWCGF,1
AP02529,GASPALWGCDSFLGYCRIACFAHEASVGQKDCAEGMICCLPNVF,1
AP02112,GLMDTVKNAAKNLAGQLLDRLKCKITGC,1
AP02493,GMASKAGSVLGKLAKVAIGAL,1
AP00630,GEILCNLCTGLINTLENLLTTKGADKVKDYISSLCNKASGFIATLCTKVLDFGIDKLIQLIEDKVDANAICAKIHAC,1
AP01547,GVIKSVLKGVAKTVALGML,1
AP01071,GTLPCGESCVWIPCISSVVGCSCKSKVCYKD,1
AP02390,LFAKINGLKVGPLKIQIV,1
AP01767,LVNQLGISKSLANTILGAIAVGNLASWVLALVPGPGWATKAALATAETIVKHEGKAAAIAW,1
AP00416,SLGGVISGAKKVAKVAIPIGKAVLPVVAKLVG,1
AP02446,DTFDYKKFGYRYDSLELEGRSISRIDELIQQRQEKDRTFAGFLLKGFGTSAS,1
AP01306,TSRCYIGYRRKVVCS,1
AP01832,FLPAVLLVATHVLPTVFCAITRKC,1
AP01319,DPVTYIRNGGICQYRCIGLRHKIGTCGSPFKCCK,1
AP02626,LIQRGRFGRFLGRIRRFRPRINFDIRARGSIRLG,1
AP01995,ECELAKVDGGYTPKNCAMAVGGGMLSGAIRGGMSGTVFGVGTGNLAGAFAGAHIGLVAGGLACIGGYLGSH,1
AP02929,LPRRNRWSKIWKKVVTVFS,1
AP01761,KPAWCWYTLAMCGAGYDSGTCDYMYSHCFGIKHHSSGSSSYHC,1
AP02634,QPQMVIDCCLSVKNKTITKHIITDYHQQSAGQGCSIEATKKLCVPADEPWVHMVMSHVDKMKKPCHGKRRNKRCVKVKKMILVTRRN,1
AP00362,VDKPDYRPRPRPPNM,1
AP03162,VMWCYVFGYGFNCAVW,1
AP02416,FIVPSIFLLKKAFCIALKKNC,1
AP01255,GLMSVTKGVLKTAGKHIFKNVGGSLLDQAKCKISGQC,1
AP01448,FLPIALKALGSIFPKIL,1
AP01703,GIFSKFAGKGIKNLLVKGVKNIGKEVGMDVIRTGIDIAGCKIKGEC,1
AP00161,GLWSKIKTAGKSVAKAAAKAAVKAVTNAV,1
AP00598,FLSAITSLLGKLL,1
AP00926,GFGCPFNQYECHAHCSGVPGYKGGYCKGLFKQTCNCY,1
AP01716,GVFSFLKTGAKLLGSTLLKMAGKAGAEHLACKATNQC,1
AP02254,ATISSPDAVAAAAYTPYFEIYYGPNCASASRVYTGVNRGEAWINDTFNNTETGTAGYGQKIRNNAASIRTWNVQSVNIKGNDGTYIAFSSQGACVPLDSRFGNRRNNNIGWQTVPLGGFSN,1
AP02258,CARLNCVPKGTSGNTETCPCYASLHSCRKYG,1
AP01322,IPRPLDPCIAQNGRCFTGICRYPYFWIGTCRNGKSCCRRR,1
AP00640,GLLGLLGSVVSHVVPAIVGHF,1
AP02435,FWGAVWKILSKVLPHIPGTVKWLQEKV,1
AP00994,GIFSNMYARTPAGYFRGPAGYAAN,1
AP00706,GLLASLGKVFGGYLAEKLKPK,1
AP02356,FLFSLIPHAIGGLISAFK,1
AP00163,ALWKDILKNVGKAAGKAVLNTVTDMVNQ,1
AP00993,GIFSSRKCKTPSKTFKGICTRDSNCDTSCRYEGYPAGDCKGIRRRCMCSKPC,1
AP01673,GICRCICTRGFCRCICVL,1
AP01726,FLPIITNLLGKLL,1
AP01842,FIFPKKNIINSLFGR,1
AP00969,GLWSKIKEAAKTAGLMAMGFVNDMV,1
AP02016,GKIPVKAIKQAGKVIGKGLRAINIAGTTHDVVSFFRPKKKKH,1
AP02561,GFREKHFQRFVKYAVPESTLRTVLQTVVHKVGKTQFGCPAYQGYCDDHCQDIEKKEGFCHGFKCKCGIPMGF,1
AP02098,SGTSEKERESGRLLGVVKRLIVCFRSPFP,1
AP00171,HRHQGPIFDTRPSPFNPNQPRPGPIY,1
AP02139,GLLSLLSLLGKLL,1
AP02805,VVYTLKRNGRTLYGF,1
AP02637,NLCASLRARHTIPQCKKFGRR,1
AP00757,FLSLIPHAINAVSTLVHHF,1
AP03121,FFRHIVGAISRIFGQKQRDMAD,1
AP02940,THRLRRWCRARGLAR,1
AP00282,SIPCGESCVFIPCTVTALLGCSCKSKVCYKN,1
AP01975,KQIMTQFFNFARSPAVKD,1
AP02733,LFGSVKAWFKGAKKGFQDYRYQKDMAKMNKRYGPNWQQRGGQEPPADAQANDQPP,1
AP02489,GFLGPLLKLGLKGVAKVLPHLIPSRQQ,1
AP01009,DYDWSLRGPPKCATYGQKCRTWSPRNCCWNLRCKAFRCRPR,1
AP01380,YDLSKNCRLRGGICYIGKCPRRFFRSGSCSRGNVCCLRFG,1
AP00686,KRFGRLAKSFLRMRILLPRRKILLAS,1
AP01400,RPKHPIKHQGLPQEVLNENLLRF,1
AP00648,FLPVIAGVAAKFLPKIFCAITKKC,1
AP02900,TRWLWLLRGGLKAAGWGIRAHLNRNQ,1
AP00612,AAEFPDFYDSEEQMGPHQEAEDEKDRADQRVLTEEEKKELENLAAMDLELQKIAEKFSQR,1
AP00987,SRWPSPGRPRPFPGRPKPIFRPRPCNCYAPPCPCDRW,1
AP00744,GLPQDCERRGGFCSHKSCPPGIGRIGLCSKEDFCCRSRWYS,1
AP02049,FFHHIFRGIVHVGKTIHKLVTGT,1
AP02892,VFLGAIAQALTSLLGKL,1
AP00699,GLWQFIKDKLKDAATGLVTGIQS,1
AP02510,HHLFGKVGREIERSAHKVGHKLEHVRHEVSKTAKKVDKVVGHIKTAKKVVAAAGAIAGVVAAA,1
AP01228,ASGRDIAMAIGTLSGQFVAGGIGAAAGGVAGGAIYDYASTHKPNPAMSPSGLGGTIKQKPEGIPSEAWNYAAGRLCNWSPNNLSDVCL,1
AP02073,KPKGMTSSQWFKIQHMQPSPQACNSAMKNINKHTKRCKDLNTFLHEPFSSVAATCQTPKIACKNGDKNCHQSHGAVSLTMCKLTSGKYPNCRYKEKRQNKSYVVACKPPQKKDSQQFHLVPVHLDRVL,1
AP00753,VQETQKLAKTVGANLEETNKKLAPQIKSAYDDFVKQAQEVQKKLHEAASKQ,1
AP02071,EEPQRELPSARIRCPKGSKAYGSHCYALFLSPKSWTDADLACQKRPSGNLVSVLSGAEGSFVSSLVKSIGNSYSYVWIGLHDPTQGTEPNGEGWEWSSSDVMNYFAWERNPSTISSPGHCASLSRSTAFLRWKDYNCNVRLPYVCKFTD,1
AP01973,MLCKLSMFGAVLGVPACAIDCLPMGKTGGSCEGGVCGCRKLTFKILWDKKFG,1
AP01350,FLSLLPSIVSGAVSLAKKL,1
AP01298,GLFTLIKCAYQLIAPTVACN,1
AP02286,NLLGSLLKTGLKVGSNLL,1
AP00094,FLPLIGRVLSGIL,1
AP01758,IPAMEPAARVKRSPGYGGCSPRWACGGYG,1
AP02128,SLQPGAPNFPIPGQEKQEGWKFDPSLTRGEDGNTLGSINIHHTGPNHEVGANWDKVIRGPGKAKPTYSIHGSWRW,1
AP01128,GVSKILHSAGKFGKAFLGEINKS,1
AP03090,WKIFKLKLRMLW,1
AP02560,FIGAVAGLLSKIF,1
AP02807,MSGRGKGGKGLGKGGAKRHRKVLRDNIQGITKPAIRRLARRGGVKRISGLIYEETRGVLKVFLENVIRDAVTYTEHAKRKTVTAMDVVYALKRQGRTLYGFGG,1
AP02119,GFGCPGDAYQCSEHCRALGGGRTGGYCAGPWYLGHPTCTCSF,1
AP02551,ILGEIWKGIKDIL,1
AP02014,GNANSNYEGGGSRSRNTGARNSLGRNAPTHIYSDPSTVKCANAVFSGMVGGAIKGGPVGMTRGTIGGAVIGQCLSGGGNGNGGGNRAGSSNCSGSNVGGTCSR,1
AP00851,KYYGNGVTCGKHSCSVNWGQAFSCSVSHLANFGHGKC,1
AP01590,DHYICAKKGGTCNFSPCPLFNRIEGTCYSGKAKCCIR,1
AP01713,SRSGRGSGKGGRGGSRGSSGSRGSKGPSGSRGSSGSRGSKGSRGGRSGRGSTIAGNGNRNNGGTRTA,1
AP01324,GPDSCNHDRGLCRVGNCNPGEYLAKYCFEPVILCCKPLSPTPTKT,1
AP02052,TPALAVVTTVLPAAAVTTAKSV,1
AP00060,GIGGKILSGLKTALKGAAKELASTYLH,1
AP00209,GVLSNVIGYLKKLGTGALNAVLKQ,1
AP00497,ILGPVLGLVSDTLDDVLGIL,1
AP03148,MVDSTLPCSWRGGSRDMWRAYSDMKKANWKNSDKYFHARGNYDAARRGPGGAWAAKVISDAREAVQKFTGHGAEDSRADQFANEWGRSGKDPNHFRPAGLPKRY,1
AP02269,CVHWMTNTARTACIAP,1
AP00650,GIFTKINKKKAKTGVFNIIKTIGKEAGMDVIRAGIDTISCKIKGEC,1
AP02276,GIFSLFKAGAKFFGKNLLKEAGKAGAEHLACKAANQC,1
AP00563,KTCENLADTFRGPCFATSNCDDHCKNKEHLLSGRCRDDFRCWCTRNC,1
AP01569,SNDSLWYGVGQEMGKQANCITNHPVKHMIIPGYCSKILG,1
AP02354,KINNPVSCLRKGGRCWNRCIGNTRQIGSCGVPFLKCCKRK,1
AP00338,PDPAKTAPKKGSKKAVTKA,1
AP02197,PAAAAQAVAGLAPVAAEQ,1
AP00257,GLWQKIKSAAGDLASGIVEGIKS,1
AP02144,YETLIASVLGKLTGLWHNNSVDFMGHTCHFRRRPKVRKFKLYHEGKFWCPGWAPFEGRSRTKSRSGSSREAIKDFVRKALQNGLITQQDATVWVN,1
AP01391,SFLDTLKNLAISAAKGAGQSVLSTLSCKLSKTC,1
AP02198,KAYSMPRCKGGFRAVMCWL,1
AP03057,FLSLIPAAISAVSALANHF,1
AP02819,GLDFSQPFPSGEFAVCESCKLGRGKCRKECLENEKPDGNCRLNFLCCRQRI,1
AP02407,SDYLNNNPLFPRYDIGNVELSTAYRSFANQKAPGRLNQNWALTADYTYR,1
AP01245,AVTCNTVVSSLAPCVPFFAGSAAQPTAACCNGVRSLNSAARTTPDRRTACNCIKSSASSIGLNYNKAAKLPSRCTVNVTVPISPSVNCAT,1
AP02958,GILDTLKNLAKTAGKGILKSLVNTASCKLSGQC,1
AP00284,SHQDCYEALHKCMASHSKPFSCSMKFHMCLQQQ,1
AP01374,NLAKGKEESLDSDLYAELRCMCIKTTSGIHPKNIQSLEVIGKGTHCNQVEVIATLKDGRKICLDPDAPRIKKIVQKKLAGDES,1
AP00773,GKFSVFGKILRSIAKVFKGVGKVRKQFKTASDLDKNQ,1
AP00136,FLPLILRKIVTAL,1
AP00327,GWFDVVKHIASAV,1
AP01185,ENDHRMPNNLNRPNNLSKGGAKCGAAIAGGLFGIPKGPLAWAAGLANVYSKCN,1
AP02259,QYEALVASILGKLSGLWHSDTVDFMGHTCHIRRRPKFRKFKLYHEGKFWCPGWTHLEGNSRTKSRSGSARDAIKDFVYKALQNKLITENNAAAWLKG,1
AP00193,DTHFPICIFCCGCCHRSKCGMCCKT,1
AP03077,KFFKKLKKSVKKHVKKFFKKPKVIGVSIPF,1
AP00137,LRDLVCYCRTRGCKRRERMNGTCRKGHLMYTLCCR,1
AP01923,GKWMSLLKHILK,1
AP00249,GLVSSIGRALGGLLADVVKSKGQPA,1
AP02837,GILMDTFKGAAKNVAGFLLDKLKCKISGGC,1
AP02360,MVALLKSLERRRLMITISTMLQFGLFLIALIGLVIKLIELSNKK,1
AP02728,CVWGGDCTDFLGCGTAWICV,1
AP01944,SLWETIKNAGKGFILNILDKIRCKVAGGCKT,1
AP01269,GFLSILKKVLPKVMAHMK,1
AP02012,VKVGINGFGRIGRLVTRAAFHGKKVEVVAIND,1
AP00392,YRGGYTGPIPRPPPIGRPPLRLVVCACYRLSVSDARNCCIKFGSCCHLVK,1
AP02848,IFGLLLHGAIHVGKLIHGLVRRH,1
AP00560,TTLTLHNLCPYPVWWLVTPNNGGFPIIDNTPVVLG,1
AP02831,WGWKEVVQNGQTIFSAGQKLGNMVGKIVPLPFG,1
AP02174,FLPFLIPALTSLISSL,1
AP02442,QVLEGLAAAVTGKLAGLWRNGEVELLGHYCSYSVTPTIRRWQLYFRGRMWCPGWTSIRGEAMTRSNSGVQGDTTRDFVTKALNAGLISQQEAQAWLDG,1
AP00460,FLPIIAGIAAKVFPKIFCAISKKC,1
AP01612,SASIVKTTIKASKKLCRGFTLTCGCHFTGKK,1
AP00372,GKIPIGAIKKAGKAIGKGLRAVNIASTAHDVYTFFKPKKRH,1
AP00634,KYYGNGVTCGKHSCSVDWGKATTCIINNGAMAWATGGHQGNHKC,1
AP01663,RRTCRCRFGRCFRRESYSGSCNINGRIFSLCCR,1
AP00836,KVPIGAIKKGGKIIKKGLGVIGAAGTAHEVYSHVKNRH,1
AP02352,YPGPQAKEDSEGPSQGPASREK,1
AP00109,VLPLISMALGKLL,1
AP00593,FLPILAGLAAKIVPKLFCLATKKC,1
AP01701,MKTFSVAVAVAIVLAFICTQESSALPVTGVEELVELVSSDDPVADHQELPVELGERLFNIRKKRASPKCTPYCYPTRDGVFCGVRCDF,1
AP01476,ACDTATCVTHRLAGLLSRSGGVVKNNFVPTNVGSKAF,1
AP02233,GFGCPNDYSCSNHCRDSIGCRGGYCKYQLICTCYGCKKRRSIQE,1
AP02392,VKLEILGSKGGAKI,1
AP00649,GLFPKINKKKAKTGVFNIIKTVGKEAGMDLIRTGIDTIGCKIKGEC,1
AP02490,GFWSSALEGLKKFAKGGLEALTNPK,1
AP02868,RRRWWWRRWWRR,1
AP00837,KVPIGAIKKGGKIIKKGLGVLGAAGTAHEVYNHVRNRQ,1
AP01309,GLFGKSSVVGRKYYVDLAGCAKA,1
AP02346,GLEESPGHPGQPGPPGPPGAPGP,1
AP01415,FLPVIAGVAANFLPKLFCAISKKC,1
AP00589,FLGALAKIISGIF,1
AP02067,QDNSRYTHFLTQHYDAKPQGRDDRYCESIMRRRGPTSPCKDINTFIHGNKRSIKAICENKNGNPHRENLRISKSSFQVTTCKLHGGSPWPPCQYRATAGFRNVVVACENGLPVHLDQSIFRRPRP,1
AP00538,WLNALLHHGLNCAKGVLA,1
AP02136,FIHHIIGWISHGVRAIHRAIHG,1
AP02343,IQRTPKIQVYSRHPAENGKSNFLNCYVSGFHPSDIEVDLLKNGERIEKVEHSDLSFSKDWSFYLLYYTEFTPTEKDEYACRVNHVTLSQPKIVKWDRDM,1
AP00540,GLLDTLKGAAKNVVGSLASKVMEKL,1
AP02301,RISKKKGKGSWIKNGLIKGIKGLGKEISLDVIRTGIDIAGCKIKGEC,1
AP02048,DHYLCVKNEGICLYSSCPSYTKIEGTCYGGKAKCCK,1
AP01917,GLWDSIKNFGKTIALNVMDKIKCKIGGGCPP,1
AP02954,IVWIAKQFGVHLTTSLTQKALDLLSAGSSLGTVAAAVLGVTLPAWAVAAAGALGGTAA,1
AP00878,FLPILASLAAKFGPKLFCLVTKKC,1
AP00145,VNYGNGVSCSKTKCSVNWGQAFQERYTAGINSFVSGVASGAGSIGRRP,1
AP03132,MSKVISALSKYGPKAVNWAKNHKGQIANWLLHGLSIPDIVQNVKNAVGIK,1
AP00364,VDKPDYRPRPWPRNMI,1
AP03124,AKKPFVQRVKNAASKAYNKLKGLAMQSQYGCPIISNMCEDHCRRKKMEGQCDLLDCVCS,1
AP02663,GEGFLGMLLHGVGHAIHGLIHGK,1
AP02498,GWLKKIGKKIERVGQHTRDATIQTIGVAQQAANVAATLKG,1
AP01160,QDKCKKVYENYPVSKCQLANQCNYDCKLDKHARSGECFYDEKRNLQCICDYCEY,1
AP00829,FLGGLMKIIPAAFCAVTKKC,1
AP02208,SPIEPKGEILHRFRRSFCDYNLCVVSCKDSGFIGGYCSELDLCSCTIGWQ,1
AP01900,FLPVLAGVLSRA,1
AP01538,GILSNVLGMGKKIVCGLSGLC,1
AP01546,GMWSKIKNAGKAAKAAAKAAGKAALGAVSEAM,1
AP01604,DAPGHPGKHYLQVNVPSDVRTIGVAGGGVQQCFRVTPGAWNDTRALVSNGAQVEVWGYTVADCANRTTANQKYYDKAAAPSDSSTYFWFTLKNLRV,1
AP00388,GIWGTLAKIGIKAVPRVISMLKKKKQ,1
AP02582,DIDITGCSACKYAAGQVCTIGCSAAGGFICGLLGITIPVAGLSSLGFFVITCTTSADYYSIPDSNAAK,1
AP03050,TRGRWGRFKRRAGRFIRRNRWQIISTGLKLIG,1
AP02976,NLVSALIEGRKYLKNVLKKLNRLKEKNKAKNSKENN,1
AP00867,FLPVIAGLLSKLF,1
AP01259,ILPILGNLLNSLL,1
AP02932,VLHTGYRKFLHRSKRFFHLR,1
AP02268,GLLDSVKEGLKKVAGQLLDTLKCKISGCTPA,1
AP00457,GLWETIKNFGKKFTLNILHKLKCKIGGGC,1
AP02926,ASVVNKLTGGVAGLLK,1
AP02980,RRRQRRKKRGGGDTRLNTVWMW,1
AP02149,QYEALTAAILTKLSKMWHSDTLNFLGHTCHVSRTPTVKRFKLYWKGKFWCPGWAPFSGTSRTKSRSGSAREATKSFVDQALQRRLITQQEADLWLKG,1
AP00480,GGAGHVPEYFVGIGTPISFYG,1
AP00786,GWKKWFNRAKKVGKTVGGLAVDHYL,1
AP02057,SLFSIFKTAAKFVGKNLLKQAGKAGLETLACKAKNEC,1
AP02414,FLKGVINLASKIPSMLCAVLKTC,1
AP00131,WNPFKELERAGQRVRDAIISAGPAVATVAQATALAK,1
AP00236,KSCCRNTWARNCYNVCRLPGTISREICAKKCDCKIISGTTCPSDYPK,1
AP01886,VVKCSYRLGSPDSQCN,1
AP01704,RIFSKIGGKAIKNLILKGIKNIGKEVGMDVIRTGIDVAGCKIKGEC,1
AP02284,GVFGLLAKAALKGASKLIPHLLPSRQQ,1
AP00200,LKLKSIVSWAKKVL,1
AP00879,GRLRNLIEKAGQNIRGKIQGIGRRIKDILKNLQPRPQV,1
AP00830,GLLLDTLKGAAKDIAGIALEKLKCKITGCKP,1
AP02687,GSAIRCGESCLLGKCYTPGCTCDRPICKKN,1
AP01960,NILNTIINLAKKIL,1
AP00804,RCVCTRGFCRCVCTRGFC,1
AP03115,GFGCPLNQRACHRHCRSIGRRGGFCAGLIKQTCTCYRK,1
AP02618,GFGCPGDQYECNRHCRSIGCRAGYCDAVTLWLRCTCTGCSGKK,1
AP03120,KGARQAWKDYKYNRNMQKMNQGYGQQGG,1
AP02059,FLSTALKVAANVVPTLFCKITKKC,1
AP00548,RFGRFLRKIRRFRPKVTITIQGSARFG,1
AP03130,MLCPSYRRCPRVPP,1
AP00301,GILDTIKSIASKVWNSKTVQDLKRKGINWVANKLGVSPQAA,1
AP01632,ATPATPTVAQFVIQGSTICLVC,1
AP02319,GIFPIFAKLLGKVIKVASSLISKGRTE,1
AP00022,GLFDIVKKIAGHIVSSI,1
AP01745,ERILDLRKTKKSCKNGEVLGCVSGHGPPGCSENECGMGPRPKACFFDCHYGCWCTGKLYRRKRDRKCVPKHECLL,1
AP00559,ATRVVYCNRRSGSVVGGDDTVYYEG,1
AP03022,GFGCPFNQGQCHKHCQSIRRRGGYCDGFLKTRCVCYR,1
AP00063,ILGPVLSLVGSALGGLIKKI,1
AP02770,INWKKIKSIIKAAMN,1
AP00400,YPPKPESPGEDASPEEMNKYLTALRHYINLVTRQRY,1
AP00402,KTCENLANTYRGPCFTTGSCDDHCKNKEHLRSGRCRDDFRCWCTRNC,1
AP03091,KFKKVIWKSFL,1
AP00697,GLFDIIKNIFSGL,1
AP02424,KRFKKFFKKVKKSVKKRLKKIFKKPMVIGVTIPF,1
AP00601,FLSLALAALPKFLCLVFKKC,1
AP00857,SSMKLSFRARAYGFRGPGPQL,1
AP01695,GFGSLLGKALRLGANVL,1
AP01618,GTTVVNSTFSIVLGNKGYICTVTVECMRNCSK,1
AP03007,EVYSEYEEGYPISGQFSKRHPRDVTWDKQVGGGKVFGTLGQNDDGLFGKAGYNREIFNDDRGKLTGQAYGTRVLGPAGDSTNYGGRLDWANKNAEAAIDINRQIGGRSGMTATGSGVWDLDKNTRLSAGGMISKEFGHRRPDVGVQAEFRHDW,1
AP01434,FFGSVLKLIPKIL,1
AP01236,GLLDFAKHVIGIASKL,1
AP00377,GWKDWLKKGKEWLKAKGPGIVKAALQAATQ,1
AP02732,LIGSLFRGAKAIFRGARQGWRSHKAVSRYRARYVRRPVIYYHRVYP,1
AP01201,KGGSGVIHTISHECNMNSWQFVFTCCS,1
AP00884,QLKVDLWGTRSGIQPEQHSSGKSDVRRWRSRY,1
AP01407,HNKQEGRDHDKSKGHFHRVVIHHKGGKAH,1
AP02448,GFGSVLGKALKFGANLL,1
AP01878,GLISGILGVGKKLVCGLSGLC,1
AP01636,INWLKLGKKMMSAL,1
AP00513,FLGGLIKIVPAMICAVTKKC,1
AP01580,AQEPVKGPVSTKPGSCPIILIRCAMLNPPNRCLKDTDCPGIKKCCEGSCGMACFVPQ,1
AP02010,GLFGILGSVAKHVLPHVIPVVAEHL,1
AP02972,FFGHLFKLATKIIPSFFRRKNQ,1
AP01734,GIGTKFLGGVKTALKGALKELAFTYVN,1
AP00583,GVITDALKGAAKTVAAELLRKAHCKLTNSC,1
AP01680,ILGIITSLLKSLGKK,1
AP02060,FLPIVAGLAANFLPKIVCKITKKC,1
AP02308,GNGVVLTLTHECNLATWTKKLKCC,1
AP01454,IIPLPLGYFAKKT,1
AP00045,QGVRSYLSCWGNRGICLLNRCPGRMRQIGTCLAPRVKCCR,1
AP00450,RICRIIFLRVCR,1
AP02743,MGYGDIMKVDTSGASMKTAGQDRLTYAGVAASNTMAQTDLGRMNNYKAIIQRVGGKKDVDPAIIAGIISRESRAGNVLVNGWGDNGNAWGLMQVDKRYHTPQGGWNSEEHLSQGTDIISFIKQVQGKFPSWTAEQQLKGGIAAYNIGLGGVQTYERMDVGTTGDDYSSDVVARAQWYKSQGGF,1
AP02746,KRIRFFERIRDRLRDLGNRIKNRIRDFFS,1
AP01438,FFPIIAGMAAKLIPSLFCKITKKC,1
AP00519,QWGRRCCGWGPGRRYCRRWC,1
AP00168,GRPNPVNNKPTPHPRL,1
AP01001,NRWWQGVVPTVSYECRMNSWQHVFTCC,1
AP00930,KPAWCWYTLAMCGAGYDSGTCDYMYSHCFGVKHSSGGGGSYHC,1
AP03026,GFCWYVCYRNGVRVCYRRCN,1
AP02224,GLLLDTVKGAAKNVAGILLNKLKCKMTGDC,1
AP02349,TTPLCVGVIIGITASIKICK,1
AP03080,TRGRWKRFWRGAGRFFRRHKEKIIRAAVDIVLS,1
AP01311,GLLSGILGAGKQKVCGLSGLC,1
AP01719,GILDTFKGVAKGVAKDLAVHMLENLKCKMTGC,1
AP01340,DAECEICKFVIQQVEAFIESNHSQAEIQKELNKLCSSVPSITQTCLSIARMVPYIIKKLEEHNSPGQVCQGLHLCKSS,1
AP01036,GIPCGESCVWIPCISSAIGCSCKSKVCYRN,1
AP02200,KAYSMPRCKYLFRAVLCWL,1
AP00036,DFASCHTNGGICLPNRCPGHMIQIGICFRPRVKCCRSW,1
AP01896,GLMSTLKDFGKTAAKEIAQSLLSTASCKLAKTC,1
AP00179,VCSCRLVFCRRTELRVGNCLIGGVSFTYCCTRV,1
AP00056,LIGPVLGLVGSALGGLLKKI,1
AP01474,YPSKPDNPGEDAPAEDMARYYSALRHYINLITRQRY,1
AP02188,FQTSEAILPMASSCCTEVSHHVSGRLLERVSSCSIQRADGDCDLAAVILHVKRRRICISPHNRTLKQWMRASEVKKNGRENVCSGKKQPSRKDRKGHTTRKHRTRGTHRHEASR,1
AP02667,SLFELGKMILQETGKNPAKSYGAYGCNCGVLGRGKPKDATDRCCYVHKCCYKKLTGCNPKKDRYSYSWKDKTIVCGENNSCLKELCECDKAVAICLRENLNTYNKKYRYYLKPLCKKADAC,1
AP01920,FTSKKSMLLFFFLGTISLSLCQ,1
AP00767,VAGALGVQTAAATTIVNVILNAGTLVTVLGIIASIASGGAGTLMTIGWATFKATVQKLAKQSMARAIAY,1
AP01786,GKLQAFLAKMKEIAAQTL,1
AP02639,AIPWIWIWRLLRKG,1
AP02888,VHISHREARGPSFRICVGFLGPRWARGCSTGN,1
AP00485,GFGALFKFLAKKVAKTVAKQAAKQGAKYVVNKQME,1
AP01159,KWKIFKKIEHMGQNIRDGLIKAGPAVQVVGQAATIYKG,1
AP03157,GCYVNRSPYLKKFEVHYRADVKCG,1
AP00040,QVVRNPQSCRWNMGVCIPISCPGNMRQIGTCFGPRVPCCRRW,1
AP01178,GAWKNFWSSLRKGFYDGEAGRAIRR,1
AP02973,FLFSLIPSAISGLISAFKGRRKRDLN,1
AP00409,ATTGCSCPQCIIFDPICASSYKNGRRGFSSGCHMRCYNRCHGTDYFQISKGSKCI,1
AP00281,GLLRKGGEKIGEKLKKIGQKIKNFFQKLVPQPEQ,1
AP00508,GLLDSIKGMAISAGKGALQNLLKVASCKLDKTC,1
AP02896,MSDNKPDISDVTSFDKTKLKKTETQEKNTLPTKEIEQEKSESS,1
AP00418,GLRKRLRKFRNKIKEKLKKIGQKIQGFVPKLAPRTDY,1
AP00900,FLSHIAGFLSNLF,1
AP01898,RRSRRGRGGGRRGGSGGRGGRGGGGRSGAGSSIAGVGSRGGGGGRHYA,1
AP02487,GILDAIKAFANALG,1
AP02913,KSGGGGWGSGGGGGGGGGWWWSGWGVDR,1
AP02306,PPCRGIFCRRVGSSSAIARPGKTLSTFITV,1
AP00745,MTPFWRGVSLRPVGASCRDNSECITMLCRKNRCFLRTASE,1
AP00811,MTPFWRGVSLRPIGASCRDDSECITRLCRKRRCSLSVAQE,1
AP02989,FLSLIPKIAGGIASLVKNL,1
AP00001,GLWSKIKEVGKEAAKAAAKAAGKAALGAVSEAV,1
AP02456,KKCKFFCKVKKKIKSIGFQIPIVSIPFK,1
AP02772,KEICCKVPTTPFLCTNDPQCKTLCSKVNYEDGHCFDILSKCVCMNRCVQDAKTLAAELIEEEFLKQ,1
AP01449,FLGAIAAALPHVINAVTNAL,1
AP02420,GVLSAFKNALPGIMKIIV,1
AP02134,FIHHIIGGLFSVGKHIHSLIHGH,1
AP01223,GFKDLLKGAAKALVKTVLF,1
AP00549,GFGCNGPWDEDDMQCHNHCKSIKGYKGGYCAKGGFVCKCY,1
AP00752,DKLIGSCVWGATNYTSDCNAECKRRGYKGGHCGSFWNVNCWCEE,1
AP01540,AGANDLCQECEDIVHLLTKMTKEDAFQDTIRKFLEQECDILPLKLLVPRCRQVLDVYLPLVIDYFQGQIKPKAICSHVGLC,1
AP02041,KSCCKSTLGRNCYNLCRARGAQKLCANVCRCKLTSGLSCPKDFPK,1
AP02013,FIGKLISAASGLLSHL,1
AP02468,FLPMLAGLAANFLPKIICKITKKC,1
AP01615,SASVLKTSIKVSKKYCKGVTLTCGCNITGGK,1
AP00536,SVRTQDNAVNRQIFGSNGPYRDFQLSDCYLPLETNPYCNEWQFAYHWNNALMDCERAIYHGCNRTRNNFITLTACKNQAGPICNRRRH,1
AP01592,GIRNTVCFMQRGHCRLFMCRSGERKGDICSDPWNRCCVSSSIKNR,1
AP02686,GSVIGCGETCLRGRCYTPGCTCDHGICKKN,1
AP01783,FLPGVLRLVTKVGPAVVCAITRNC,1
AP02022,FLPLFLPKIICVITKKC,1
AP01804,GIRCPKSWKCKAFKQRVLKRLLAMLRQHAF,1
AP02750,TLNQARGSFDISCDKDNKRFALLGDFFRKSKEKIGKEFKRIVQRIKDFLRNLVPRTES,1
AP01629,LQDAALGWGRRCPRCPRCPNCRRCPRCPTCPSCNCNPK,1
AP01227,VGIGGGGGGGGGGSCGGQGGGCGGCSNGCSGGNGGSGGSGSHI,1
AP03114,GLPCGESCVFIPCITTVVGCSCKNKVCYNN,1
AP00408,FLFPLITSFLSKVL,1
AP00435,GWFGKAFRSVSNFYKKHKTYIHAGLSAATLL,1
AP02342,DICTCCAGTKGCNTTSANGAFICEGQSDPKKPKACPLNCDPHIAYA,1
AP01389,GLWSTIKQKGKEAAIAAAKAAGQAALGAL,1
AP02641,RIRFPWPWRWPWWPPFRG,1
AP01170,YSSKDCLKDIGKGIGAGTVAGAAGGGLAAGLGAIPGAFVGAHFGVIGGSAACIGGLLGN,1
AP02429,KTKQQFLIKAQTQLFKVFGYTL,1
AP01802,RPWAGNGSVHRYTVLSPRLKTQ,1
AP01171,YSGKDCLKDMGGYALAGAGSGALWGAPAGGVGALPGAFVGAHVGAIAGGFACMGGMIGNKFN,1
AP02897,RPKKVQGRKAEKDNGDGTTAANASGKKKSSNVFK,1
AP01176,TTPACFTIGLGVGALFSAKFC,1
AP02297,FLPLKKLRFGLL,1
AP00474,FIHHIFRGIVHAGRSIGRFLTG,1
AP02324,VFHAYSARGNYYGNCPANWPSCRNNYKSAGGK,1
AP01154,AIKLVQSPNGNFAASFVLDGTKWIFKSKYYDSSKGYWVGIYEVWDRK,1
AP01717,GIFSALAAGVKLLGNTLFKMAGKAGAEHLACKATNQC,1
AP01901,GLASFLGKALKAGLKIGSHLLGGAPQQ,1
AP00012,GLFDIIKKIAESI,1
AP01617,VTSWSLCTPGCTSPGGGSNCSFCC,1
AP00573,GLFSKFNKKKIKSGLIKIIKTAGKEAGLEALRTGIDVIGCKIKGEC,1
AP02249,FISQIISTARI,1
AP02910,RRRRRYRYWRRGLTIQGRPKSLPLNTGD,1
AP02650,ATCDLLSISTPWGSVNHAACAAHCLALNRGFRGGYCSSKAVCTCRK,1
AP02479,GMKCKFCCNCCNLNGCGVCCRF,1
AP00356,QRFIHPTYRPPPQPRRPVIMRA,1
AP01308,GLLSGTSVRGSI,1
AP00293,AMWKDVLKKIGTVALHAGKAALGAVADTISQ,1
AP01513,GKNPTLQCMGNRGFCRPSCKKGEQAYFYCRTYQICCLQSHVRISLTGVEDNTNWSYEKHWPRIP,1
AP00434,GLMSVLGHAVGNVLGGLFKS,1
AP01718,FKVQNQHGQVVKIFHH,1
AP03156,FYPRPYRPPYLPDPRPFPRPLPAFGHEFRRH,1
AP02090,AQVGTNKELCCLVYTSWQIPQKFIVDYSETSPQCPKPGVILLTKRGRQICADPNKKWVQKYISDLKLNA,1
AP02287,GLKEVAHSAKKFAKGFISGLTGS,1
AP01521,RFRLPFRRPPIRIHPPPFYPPFRRFL,1
AP00929,MAKEFGIPAAVAGTVINVVEAGGWVTTIVSILTAVGSGGLSLLAAAGRESIKAYLKKEIKKKGKRAVIAW,1
AP00917,ACIKNGGRCVASGGPPYCCSNYCLQIAGQSYGVCKKH,1
AP01287,IRNSLTCRFNFGICLPKRCPGRMRQIGTCF,1
AP01799,KRGFGKKLRKRLKKFRNSIKKRLKNFNVVIPIPLPG,1
AP00456,VNPIILGVLPKFVCLITKKC,1
AP02092,QGVFEDCCLAYHYPIGWAVLRRAWTYRIQEVSGSCNLPAAIFYLPKRHRKVCGNPKSREVQRAMKLLDARNKVFAKLHHNTQTFQAGPHAVKKLSSGNSKLSSSKFSNPISSSKRNVSLLISANSGL,1
AP00831,GLLSGILGAGKHIVCGLTGCAKA,1
AP02001,GMATKAGTALGKVAKAVIGAAL,1
AP01172,KRGPNCVGNFLGGLFAGAAAGVPLGPAGIVGGANLGMVGGALTCL,1
AP02685,GLPICGETCFKTKCYTKGCSCSYPVCKRN,1
AP00687,KRRHWFPLSFQEFLEQLRRFRDQLPFP,1
AP01597,SVSCLRNKGVCMPGKCAPKMKQIGTCGMPQVKCCKRK,1
AP01303,VIPFVASVAAEMMQHVYCAASKKC,1
AP01936,FFPIVGKLLSGLL,1
AP00432,KKKKPLFGLFFGLF,1
AP00187,VVCACRRALCLPRERRAGFCRIRGRIHPLCCRR,1
AP00509,VAIALKAAHYHTHKE,1
AP01461,ILGKLLSTAAGLLSNL,1
AP01445,FMGSALRIAAKVLPAALCQIFKKC,1
AP02076,ASVATELRCQCLQTLQGIHPKNIQSVNVKSPGPHCAQTEVIATLKNGRKACLNPASPIVKKIIEKMLNSDKSN,1
AP00854,ATYYGNGLYCNKQKCWVDWNKASREIGKIIVNGWVQHGPWAPR,1
AP00386,WLGSALKIGAKLLPSVVGLFKKKKQ,1
AP02175,RRSKARGGSRGSKMGRKDSKGGSRGRPGSGSRPGGGSSIAGASRGDRGGTRNA,1
AP01368,ATCDLFSFRSKWVTPNHAACAAHCLLRGNRGGRCKGTICHCRK,1
AP02620,ESFLKSKTGYQGVQTLPGFIGGSQPHLGGGIGGGRPFISQPNLGGGIGGGIGGGKPFIPQPNLGGGIGSTRPFPRPQYGDYGSRNSCNRQCPSTYGGRGICCRRWGSCCPTNYK,1
AP02878,VLSAADKNNVKGIFTKIAGHAEEYGAETLERMFTTYPPTKTY,1
AP00326,GVGSFIHKVVSAIKNVA,1
AP02238,GWKKWFTKGERLSQRHFA,1
AP02776,IRWRIRVWVRRI,1
AP02405,GGYKNFYGSALRKGFYEGEAGRAIRR,1
AP02951,AVWMTRSCVIWKR,1
AP00401,GFTQGVRNSQSCRRNKGICVPIRCPGSMRQIGTCLGAQVKCCRRK,1
AP02533,SDKPDVKEVESFDKSKLKKVETQEKNPLPTKETIEQEKKG,1
AP00405,FISAIASMLGKFL,1
AP02792,AKAVKPKTAKPKTAKPKTAKA,1
AP02605,SPAIWGCDSFLGYCRLACFAHEASVGQKECAEGMLCCIPNV,1
AP01893,AAPRGGKGFFCKLFKDC,1
AP02832,GIMDTIKNAAKDVVQSLLNKASCKLAKTC,1
AP01112,GLPVCGETCFGGTCNTPGCACDPWPVCTRD,1
AP02995,LLGMIPVAITAISALSKL,1
AP02218,IFKAIWSGIKSLF,1
AP01320,LFCRKGTCHFGGCPAHLVKVGSCFGFRACCKWPWDV,1
AP02105,MAADIISTIGDLVKLIINTVKKFQK,1
AP01354,GFWKKVGSAAWGGVKAAAKGAAVGGLNALAKHIQ,1
AP00520,DSHAKRHHGYKRKFHEKHHSHRGYRSNYLYDN,1
AP01570,GNAACVIGCIGSCVISEGIGSLVGTAFTLG,1
AP02800,ATPTITTSSATCGGIIVAASAAQCPTLACSSRCGKRKK,1
AP02227,NGIECEMCKMSVKIVVPMLGEDTESIKKAVDAECKKEFHSIPFGTQECKKFIDTKLDPIIHELENGTAPSDVCTKLGMC,1
AP01753,GIWSSIKNLASKAWNSDIGQSLRNKAAGAINKFVADKIGVTPSQAAS,1
AP00594,EGTWQHGYGVSSAYSNYHHGSKTHSATVVNNNTGRQGKDTQRAGVWAKATVGRNLTEKASFYYNFW,1
AP02840,GAPKGCWTKSYPPQPCFGKK,1
AP01238,NPLIPAIYIGATVGPSVWAYLVALVGAAAVTAANIRRASSDNHSCAGNRGWCRSKCFRHEYVDTYYSAVCGRYFCCRSR,1
AP00126,GGLKKLGKKLEGVGKRVFKASEKALPVAVGIKALGK,1
AP00130,GWLKKLGKRIERIGQHTRDATIQGLGIAQQAANVAATAR,1
AP03078,RRSIFRKLRRKIKKGLKKGIQHLLAGGRQGLPQGGRPGMI,1
AP02604,FWGFLGKLAMKAVPSLIGGNKSSSK,1
AP02232,AATAKKGAKKADAPAKPKKATKPKSPKKAAKKAGAKKGVKRAGKKGAKKTTKAKK,1
AP00316,GIVDFAKKVVGGIRNALGI,1
AP02849,FFRHIKSFWKGAKAIFRGARQG,1
AP03067,KWKIFKKIEKAGRNIRDGIIKAGPAVSVVGEAATIYKTG,1
AP03112,GLSLLLSLGLKLL,1
AP00526,ILGPVLGLVGNALGGLIKKI,1
AP02957,AGCVCSGTVAVANSHNAGPAYCVGYCGNNGEVTRNANYNIARRS,1
AP02097,KPKDMTSSQWFKTQHVQPSPQACNSAMSIINKYTERCKDLNTFLHEPFSSVAITCQTPNIACKNSCKNCHQSHGPMSLTMGELTSGKYPNCRYKEKHLNTPYIVACDPPQQGDPGYPLVPVHLDKVV,1
AP00675,EFELDRICGYGTARCRKKCRSQEYRIGRCPNTYACCLRKWDESLLNRTKP,1
AP01800,KRGLWESLKRKATKLGDDIRNTLRNFKIKFPVPRQG,1
AP02538,RRSKVRICSRGKNCVSFNDEFIRDHSDGNRFA,1
AP01511,TITLSTCAILSKPLGNNGYLCTVTKECMPSSCN,1
AP00039,QRVRNPQSCRWNMGVCIPFLCRVGMRQIGTCFGPRVPCCRR,1
AP01431,GFLDSFKNAMIGVAKSVGKTALSTLACKIDKSC,1
AP01437,FLPILAGLAANILPKVFCSITKKC,1
AP02070,GEVAKKDAPSSRSSCPKGSRAYGSYCYALFSVSKNWYDADMACQKRPSGHLVSVLSGAEASFLSSMIKSSGNSGQYVWIGLHDPTLGYEPNRGGWEWSNADVMNYINWETNPSSSSGNHCGTLSRASGFLKWRENYCNLELPYVCKFKA,1
AP02610,FLPGLECVSGLKIVPTVFCAITRIC,1
AP01624,HAEHKVKIGVEQKYGQFPQGTEVTYTCSGNYFLM,1
AP00285,GLLCYCRKGHCKRGERVRGTCGIRFLYCCPRR,1
AP00688,KRFHSVGSLIQRHQQMIRDKSEATRHGIRIITRPKLLLAS,1
AP02331,VTCDLLSIKGVAEHSACAANCLSMGKAGGRCENGICLCRKTTFKELWDKRF,1
AP01262,GLADFLNKAVGKVVDFVKS,1
AP02580,SSRRPCRGRSCGPRLRGGYTLIGRPVKNQNRPKYMWV,1
AP01296,FMPILSCSRFKRC,1
AP02508,HHHHRFGKIGHELHKGVKKVEKVTHDVNKVTSGVKKVASSIEKAKNV,1
AP01634,INWKKIFEKVKNLV,1
AP01829,QLPFVAGVACEMCQCVYCAASKKC,1
AP00992,YSYKKIDCGGACAARCRLSSRPRLCNRACGTCCARCNCVPPGTSGNTETCPCYASLTTHGNKRKCP,1
AP02341,LVKDNPLDISPKQVQALCTDLVIRCMCCC,1
AP01447,FLPGLIAGIAKML,1
AP00448,INLKAIAALAKKLL,1
AP02843,SFLDKFKDVAIGVAKGAGTGVLKALLCKLDNSC,1
AP01239,KFFRKLKKSVKKRAKEFFKKPRVIGVSIPF,1
AP01907,GIGSALAKAAKLVAGIV,1
AP00641,GFFALIPKIISSPLFKTLLSAVGSALSSSGEQE,1
AP01359,ATCDLLSGFGVGDSACAAHCIARGNRGGYCNSKKVCVCRN,1
AP00061,GIGGVLLSAGKAALKGLAKVLAEKYAN,1
AP01955,EYHLMNGANGYLTRVNGKTVYRVTKDPVSAVFGVISNCWGSAGAGFGPQH,1
AP00674,ITSVSWCTPGCTSEGGGSGCSHCC,1
AP02230,PKRKAEGDAKGDKAKVKDEPQRRSARLSAKPAPPKPEPKPKKAPAKKGEKVPKGKKGKADAGKEGNNPAENGDAKTDQAQKAEGAGDAK,1
AP01600,RARAPHKAWYNCMTDAGISGAIAGAVAGCAATIEIGCVEGAIAGIGPSGIASMIAALWTCRSKY,1
AP02476,SIMSTLKQFGISAIKGAAQNVLGVLSCKIAKTC,1
AP02959,WQQPSCSSICDYSCGKSACISYSGRCGCCASCRRGPIY,1
AP00261,GLFVGLAKVAAHNNPAIAEHFQA,1
AP01527,SWLSKTYKKLENSAKKRISEGVAIAILGGLR,1
AP01939,CVISAGWNHKIRCKLTGNC,1
AP02203,WNDTGKDADGSEY,1
AP00756,ALWKDILKNAGKAALNEINQLVNQ,1
AP00203,QCIGNGGRCNENVGPPYCCSGFCLRQPGQGYGYCKNR,1
AP02838,FLPFLAGLFGKIF,1
AP00239,GWASKIGQTLGKIAKVGLKELIQPK,1
AP00511,GYGGHGGHGGHGGHGGHGGHGHGGGGHG,1
AP00093,GILDSFKQFAKGVGKDLIKGAAQGVLSTMSCKLAKTC,1
AP03136,RLHQTPPPEFDGRLINRPPPPKFDYYPRGRVVRSAPEAEPMHERMRRSPQDGKHGSVVVSGSRTEGRGGAPAQQSVRGDYNHNLWRGKNGATVDANAYYQRNWGAGPRQDYGGGIRASIPFGRR,1
AP01439,FLPIIAGMAAKVICAITKKC,1
AP03122,GLLKSLCRKFVKVHLPELIEELTTTD,1
AP02376,GLRRLFADQLVGRRNI,1
AP00355,ANTAFVSSAHNTQKIPAGAPFNRNLRAMLADLRQNAAFAG,1
AP00296,LLGRCKVKSNRFHGPCLTDTHCSTVCRGEGYKGGDCHGLRRRCMCLC,1
AP02827,ENDHRMPYELNRPNNLSKGGAKCAAGILGAGLGAVGGGPGGFISAGISAVLGCM,1
AP02698,YPCKLNLKLGKVPFHF,1
AP01768,QLGELIQQGGQKIVEKIQKIGQRIRDFFSNLRPRQEA,1
AP01553,RMCKTPSGKFKGYCVNNTNCKNVCRTEGFPTGSCDFHVAGRKCYCYKPCP,1
AP00026,FKCRRWQWRMKKLGAPSITCVRRAF,1
AP00631,KYYGNGVSCNKKGCSVDWGKAIGIIGNNSAANLATGGAAGWSK,1
AP00110,NFLGTLINLAKKIM,1
AP01016,GFFGKMKEYFKKFGASFKRRFANLKKRL,1
AP00146,GIGAVLKVLTTGLPALISWIKRKRQQ,1
AP02589,GYYCPFRQDKCHRHCRSFGRKAGYCGNFLKRTCICVKK,1
AP02590,GFFCPYNGYCDRCRKKLRRRGGYCGGRWKLTCICIMN,1
AP00670,EPNPDEFFGLM,1
AP02859,FLFRVASKVFPALIGKFKKK,1
AP00430,ILGKIWEGIKSLF,1
AP02946,RRLRTTTKLPPV,1
AP01010,SMWSGMWRRKLKKLRNALKKKLKGE,1
AP01637,INWKKIASIGKEVLKAL,1
AP00535,GLGSVFGRLARILGRVIPKVAKKLGPKVAKVLPKVMKEAIPMAVEMAKSQEEQQPQ,1
AP01891,RFIYMKGFGKPRFGKR,1
AP00437,EFTNVSCTTSKECWSVCQRLHNTSRGKCMNKKCRCYS,1
AP00225,ACYCRIGACVSGERLTGACGLNGRIYRLCCR,1
AP02085,KSMQVPFSRCCFSFAEQEIPLRAILCYRNTSSICSNEGLIFKLKRGKEACALDTVGWVQRHRKMLRHCPSKRK,1
AP01774,GIPCGESCVFIPCITGAIGCSCKSKVCYRN,1
AP00382,GLVDVLGKVGGLIKKLLPG,1
AP02253,MGAIAKLVAKFGWPFIKKFYKQIMQFIGQGWTIDQIEKWLKRH,1
AP00636,AISYGNGVYCNKEKCWVNKAENKQAITGIVIGGWASSLAGMGH,1
AP03105,TLVDPERCSKMYGQCRTRCYKIEKQIDICYSPSKICCIQRAFEEDLS,1
AP01233,QKKPPRPPQWAVGHFM,1
AP01346,FFPLVLGALGSILPKIF,1
AP00009,RFRPPIRRPPIRPPFYPPFRPPIRPPIFPPIRPPFRPPLGPFP,1
AP02970,FLQHIIGALSHFF,1
AP02965,KRNGFRKFMRRLKKFFAGGGSSIAHIKLH,1
AP02624,EVASFDKSKLK,1
AP00834,KVNANAIKKGGKAIGKGFKVISAASTAHDVYEHIKNRRH,1
AP00865,SLQYVMSAGPYTWYKDTRTGKTLCKQTIDTASYTFGVMAEGWGKTFH,1
AP01213,EFRGSIVIQGTKEGKSRPSLDIDYKQRVYDKNGMTGDAYGGLNIRPGQPSRQHAGFEFGKEYKNGFIKGQSEVQRGPGGRLSPYFGINGGFRF,1
AP02129,SLQPGAPKLPYAWSRKQEGWKFDPSLTRGEDGNTLGSINIHHTGRNHEVGANWNKVIRGPGKAKPTYSIHGSWRW,1
AP02648,VPTRHARPRPQPRPRPGTCPDTSDIVSICVVTERNCFSDGECGAGQKCCPIGCGRECLAVGSPYGK,1
AP00891,LIGLVSKGTCVLVKTVCKKVLKQ,1
AP02154,YVDREINLFDHYCIISRSPHISRWELKWQATVTCPGWTPVKGKVRGYSNPLSAEREATRDFVQRIVQRGLVTRDEASEWL,1
AP00504,LAHQKPFIRKSYKCLHKRCR,1
AP01218,GFRDVLKGAAKAFVKTVAGHIANI,1
AP00619,GFFSTVKNLATNVAGTVIDTLKCKVTGGCRS,1
AP01014,GLKDKFKSMGEKLKQYIQTWKAKF,1
AP00399,HVDKKVADKVLLLKQLRIMRLLTRL,1
AP03079,RRSRFGRFFKKVRKQLGRVLRHSRITVGGRMRF,1
AP02347,KVTKSVKSIPVKI,1
AP02902,MWGRILGTVAKYGPKAVSWAWQHKWELINMGDLAFRYIQRIWG,1
AP02647,PTRHSKPRPQPLPRPGTCPDTSGIITTCEVTERNCFSDSQCGPGQKCCPLGCGRECLAVGPPYGKGRW,1
AP02394,DWTCWSCLVCAACSVELLNLVTAATGASTAS,1
AP03108,ALSVASPSPSCNTHCPDPYLNLPGHYVCCDQHPGKCPPVPHCPAYPRKCFYDPECGLNEKCCNTPCGGKRCISIPYSGK,1
AP02787,RNGCIVDPRCPYQQCRRPLYCRRR,1
AP02386,KLSPSLGPVSKGKLLAGQR,1
AP01317,GAILCNLCKDTVKLVENLLTVDGAQAVRQYIDNLCGKASGFLGTLCEKILSFGVDELVKLIENHVDPVVVCEKIHAC,1
AP02982,FFQELKEGWKNIKKA,1
AP01194,CSTNTFSLSDYWGNNGAWCTLTHECMAWCK,1
AP01906,GIGSLLAKAAKLGANLL,1
AP03089,FRIMRILRVLKL,1
AP01566,QRPYTQPLIYYPPPPTPPRIYRA,1
AP01746,FLGGILNTITGLL,1
AP02088,QPDALNVPSTCCFTFSSKKISLQRLKSYVITTSRCPQKAVIFRTKLGKEICADPKEKWVQNYMKHLGRKAHTLKT,1
AP01723,FFPMLAGVAARVVPKVICLITKKC,1
AP00369,RIIDLLWRVRRPQKPKFVTVWVR,1
AP02967,FLQHIIGALGHLF,1
AP00260,GLFVGVLAKVAAHVVPAIAEHF,1
AP02433,GDINGEFTTSPACVYSVMVVSKASSAKCAAGASAVSGAILSAIRC,1
AP02160,TDTNVIGECFDEWSRCHRQTRWWTKILFQSCENRCKCKVQLMGNCIKVPFKCFLWKQKRFMCECYGPISGTKPWYCGWEL,1
AP01769,KSLRPRCWIKIKFRCKSLKF,1
AP00565,FLIGMTQGLICLITRKC,1
AP01130,GMASKAGSVLGKVAKVALKAAL,1
AP02534,NLVNFHRMIKLTTGKEAALSYGFYGCHCGVGGRGSPKDATDRCCVTHDCCYKRLEKRGCGTKFLSYKFSNSGSRITCAKQDSCRSQLCECDKAAATCFARNKTTYNKKYQYYSNKHCRGSTPRC,1
AP01715,PSCVCSGFETSGIHFC,1
AP03081,MAFPFSTQRINPEIEEGNASLADLPVTHAGSLPGIKAQVRTALGIALLLVA,1
AP02872,GIFSKLAGKKIKNLLISGLKG,1
AP01529,GAARKSIRLHRLYTWKATIYTR,1
AP01646,MTPLWRIMGTKPHGAYCQNHYECSTGICRKGHCSYSQPINS,1
AP02107,FIGPVLKMATSILPTAICKGFKKC,1
AP00414,SIGSALKKALPVAKKIGKIALPIAKAALP,1
AP02725,INTWNTTATSTSIIISETFGNKGKVCTYTVECVNNCRG,1
AP00140,SQLGDLGSGAGQGGGGGGSIRAAGGAFGKLEAAREEEFFYKKQKEQLERLKNDQIHQAEFHHQQIKEHEEAIQRHKDFLNNLHK,1
AP00115,GLFLDTLKGAAKDVAGKLEGLKCKITGCKLP,1
AP00363,VDKPDYRPRPWPRPN,1
AP00229,ATCDLLSGIGVQHSACALHCVFRGNRGGYCTGKGICVCRN,1
AP02385,TKPTLLGLPLGAGPAAGPGKR,1
AP00893,DVKGMKKAIKGILDCVIEKGYDKLAAKLKKVIQQLWE,1
AP02393,VSKIKKYLKYKDRI,1
AP00235,NPVSCVRNKGICVPIRCPGSMKQIGTCVGRAVKCCRKK,1
AP00075,GLLDSLKGFAATAGKGVLQSLLSTASCKLAKTC,1
AP00877,FLGSLIGAAIPAIKQLLGLKK,1
AP02199,KAYSTPRCKGLFRALMCWL,1
AP02514,GFGCPEDEYECHNHCKNSVGCRGGYCDAGTLRQRCTCYGCNQKGRSIQE,1
AP02710,KNLRRITRKIIHIIKKYGPTILRIIRIIG,1
AP00894,GLLDFVTGVGKDIFAQLIKQI,1
AP02321,TNYGNGVGVPDAIMAGIIKLIFIFNIRQGYNFGKKAT,1
AP02453,MDSFQKIEKIGEGTYGVVYKAKDKVSGRLVALKKIRLENESEGVPSTA,1
AP00152,VRRFPWWWPFLRR,1
AP01621,CAWYNISCRLGNKGAYCTLTVECMPSCN,1
AP01531,GKWGWIYITILFADVGGFKSSRHPEERRVQERRFKRITRGPD,1
AP02939,KFVRLKIYCRDKNKGRGISF,1
AP00440,VTCFCRRRGCASRERHIGYCRFGNTIYRLCCRR,1
AP02113,GLMDTIKGVAKNVAASLLEKLKCKVTGC,1
AP01576,RVPPYLGRDCKHWCRDNNQALYCCGPPGITYPPFIRKHPGKCPSVRSTCTGVRSSRPKFCPHDDACEFRSKCCYDACVKHHVCKTVEFY,1
AP01638,INWKKIAEVGGKILSSL,1
AP01619,AANFGPSVFTPEVHETWQKFLNVVVAALGKQYH,1
AP00764,GLRSKIWLWVLLMIWQESNKFKKM,1
AP01609,KCKWWNISCDLGNNGHVCTLSHECQVSCN,1
AP00253,GLWQKIKDKASELVSGIVEGVK,1
AP02211,FLNALKNFAKTAGKRLKSLLN,1
